<?xml version="1.0" encoding="UTF-8" standalone="no" ?><gpx xmlns="http://www.topografix.com/GPX/1/1" xmlns:gpxx="http://www.garmin.com/xmlschemas/GpxExtensions/v3" xmlns:gpxtrkx="http://www.garmin.com/xmlschemas/TrackStatsExtension/v1" xmlns:wptx1="http://www.garmin.com/xmlschemas/WaypointExtension/v1" xmlns:gpxtpx="http://www.garmin.com/xmlschemas/TrackPointExtension/v1" creator="GPSMAP 62sc" version="1.1" xmlns:xsi="http://www.w3.org/2001/XMLSchema-instance" xsi:schemaLocation="http://www.topografix.com/GPX/1/1 http://www.topografix.com/GPX/1/1/gpx.xsd http://www.garmin.com/xmlschemas/GpxExtensions/v3 http://www8.garmin.com/xmlschemas/GpxExtensionsv3.xsd http://www.garmin.com/xmlschemas/TrackStatsExtension/v1 http://www8.garmin.com/xmlschemas/TrackStatsExtension.xsd http://www.garmin.com/xmlschemas/WaypointExtension/v1 http://www8.garmin.com/xmlschemas/WaypointExtensionv1.xsd http://www.garmin.com/xmlschemas/TrackPointExtension/v1 http://www.garmin.com/xmlschemas/TrackPointExtensionv1.xsd"><metadata><link href="http://www.garmin.com"><text>Garmin International</text></link><time>2023-12-17T14:33:40Z</time></metadata><trk><name>2023-12-17 12:33:35</name><extensions><gpxx:TrackExtension><gpxx:DisplayColor>Cyan</gpxx:DisplayColor></gpxx:TrackExtension><gpxtrkx:TrackStatsExtension><gpxtrkx:Distance>11788</gpxtrkx:Distance><gpxtrkx:TotalElapsedTime>19385</gpxtrkx:TotalElapsedTime><gpxtrkx:MovingTime>9994</gpxtrkx:MovingTime><gpxtrkx:StoppedTime>7753</gpxtrkx:StoppedTime><gpxtrkx:MovingSpeed>1</gpxtrkx:MovingSpeed><gpxtrkx:MaxSpeed>2</gpxtrkx:MaxSpeed><gpxtrkx:MaxElevation>1168</gpxtrkx:MaxElevation><gpxtrkx:MinElevation>769</gpxtrkx:MinElevation><gpxtrkx:Ascent>433</gpxtrkx:Ascent><gpxtrkx:Descent>527</gpxtrkx:Descent><gpxtrkx:AvgAscentRate>0</gpxtrkx:AvgAscentRate><gpxtrkx:MaxAscentRate>0</gpxtrkx:MaxAscentRate><gpxtrkx:AvgDescentRate>0</gpxtrkx:AvgDescentRate><gpxtrkx:MaxDescentRate>-0</gpxtrkx:MaxDescentRate></gpxtrkx:TrackStatsExtension></extensions><trkseg><trkpt lat="-23.1682831887" lon="-46.4785144944"><ele>776.88</ele><time>2023-12-17T09:10:35Z</time></trkpt><trkpt lat="-23.1682782434" lon="-46.4785166737"><ele>776.88</ele><time>2023-12-17T09:10:36Z</time></trkpt><trkpt lat="-23.1683140341" lon="-46.4785222895"><ele>776.40</ele><time>2023-12-17T09:10:55Z</time></trkpt><trkpt lat="-23.1683072448" lon="-46.4785249718"><ele>776.40</ele><time>2023-12-17T09:11:11Z</time></trkpt><trkpt lat="-23.1683183927" lon="-46.4785185177"><ele>776.40</ele><time>2023-12-17T09:11:28Z</time></trkpt><trkpt lat="-23.1683082506" lon="-46.4785093814"><ele>776.40</ele><time>2023-12-17T09:11:48Z</time></trkpt><trkpt lat="-23.1683004554" lon="-46.4785342757"><ele>776.88</ele><time>2023-12-17T09:12:11Z</time></trkpt><trkpt lat="-23.1683256011" lon="-46.4785399754"><ele>776.88</ele><time>2023-12-17T09:12:35Z</time></trkpt><trkpt lat="-23.1683136150" lon="-46.4785460941"><ele>776.88</ele><time>2023-12-17T09:12:50Z</time></trkpt><trkpt lat="-23.1682929955" lon="-46.4785450045"><ele>776.88</ele><time>2023-12-17T09:13:20Z</time></trkpt><trkpt lat="-23.1683235895" lon="-46.4785348624"><ele>776.40</ele><time>2023-12-17T09:13:47Z</time></trkpt><trkpt lat="-23.1683132797" lon="-46.4785408136"><ele>775.92</ele><time>2023-12-17T09:14:20Z</time></trkpt><trkpt lat="-23.1683194824" lon="-46.4785305876"><ele>776.88</ele><time>2023-12-17T09:14:40Z</time></trkpt><trkpt lat="-23.1683281995" lon="-46.4785340242"><ele>776.40</ele><time>2023-12-17T09:14:59Z</time></trkpt><trkpt lat="-23.1683177222" lon="-46.4785388019"><ele>776.40</ele><time>2023-12-17T09:15:24Z</time></trkpt><trkpt lat="-23.1683141179" lon="-46.4785228763"><ele>776.40</ele><time>2023-12-17T09:15:45Z</time></trkpt><trkpt lat="-23.1683253497" lon="-46.4785177633"><ele>776.40</ele><time>2023-12-17T09:16:12Z</time></trkpt><trkpt lat="-23.1683261041" lon="-46.4785186015"><ele>776.88</ele><time>2023-12-17T09:16:41Z</time></trkpt><trkpt lat="-23.1683209911" lon="-46.4785390534"><ele>776.88</ele><time>2023-12-17T09:17:07Z</time></trkpt><trkpt lat="-23.1683407724" lon="-46.4785332698"><ele>776.40</ele><time>2023-12-17T09:17:34Z</time></trkpt><trkpt lat="-23.1683245953" lon="-46.4785329346"><ele>775.92</ele><time>2023-12-17T09:17:58Z</time></trkpt><trkpt lat="-23.1682971865" lon="-46.4785259776"><ele>776.40</ele><time>2023-12-17T09:18:12Z</time></trkpt><trkpt lat="-23.1682981085" lon="-46.4785274025"><ele>776.40</ele><time>2023-12-17T09:18:25Z</time></trkpt><trkpt lat="-23.1683064066" lon="-46.4785382152"><ele>775.92</ele><time>2023-12-17T09:18:56Z</time></trkpt><trkpt lat="-23.1682973541" lon="-46.4785453398"><ele>776.40</ele><time>2023-12-17T09:19:10Z</time></trkpt><trkpt lat="-23.1682888046" lon="-46.4785328507"><ele>776.40</ele><time>2023-12-17T09:19:26Z</time></trkpt><trkpt lat="-23.1682921574" lon="-46.4785361197"><ele>776.40</ele><time>2023-12-17T09:19:45Z</time></trkpt><trkpt lat="-23.1682794169" lon="-46.4785408974"><ele>776.40</ele><time>2023-12-17T09:20:02Z</time></trkpt><trkpt lat="-23.1683480646" lon="-46.4785330184"><ele>775.92</ele><time>2023-12-17T09:20:17Z</time></trkpt><trkpt lat="-23.1683657505" lon="-46.4785089623"><ele>775.92</ele><time>2023-12-17T09:20:23Z</time></trkpt><trkpt lat="-23.1683735456" lon="-46.4784577489"><ele>776.40</ele><time>2023-12-17T09:20:35Z</time></trkpt><trkpt lat="-23.1683706120" lon="-46.4784462657"><ele>776.88</ele><time>2023-12-17T09:20:52Z</time></trkpt><trkpt lat="-23.1683850288" lon="-46.4784492832"><ele>776.88</ele><time>2023-12-17T09:21:16Z</time></trkpt><trkpt lat="-23.1683477294" lon="-46.4785222895"><ele>776.40</ele><time>2023-12-17T09:21:29Z</time></trkpt><trkpt lat="-23.1684118509" lon="-46.4786167536"><ele>775.44</ele><time>2023-12-17T09:21:42Z</time></trkpt><trkpt lat="-23.1684134435" lon="-46.4786560647"><ele>774.96</ele><time>2023-12-17T09:21:46Z</time></trkpt><trkpt lat="-23.1684262678" lon="-46.4786816295"><ele>774.96</ele><time>2023-12-17T09:21:49Z</time></trkpt><trkpt lat="-23.1685759686" lon="-46.4787469245"><ele>774.48</ele><time>2023-12-17T09:22:07Z</time></trkpt><trkpt lat="-23.1685835123" lon="-46.4787498582"><ele>774.00</ele><time>2023-12-17T09:22:08Z</time></trkpt><trkpt lat="-23.1687780563" lon="-46.4788509440"><ele>773.52</ele><time>2023-12-17T09:22:26Z</time></trkpt><trkpt lat="-23.1690286752" lon="-46.4790022373"><ele>771.60</ele><time>2023-12-17T09:22:48Z</time></trkpt><trkpt lat="-23.1692889333" lon="-46.4791304804"><ele>771.11</ele><time>2023-12-17T09:23:09Z</time></trkpt><trkpt lat="-23.1695496105" lon="-46.4792737272"><ele>771.11</ele><time>2023-12-17T09:23:31Z</time></trkpt><trkpt lat="-23.1697845552" lon="-46.4793961868"><ele>770.15</ele><time>2023-12-17T09:23:50Z</time></trkpt><trkpt lat="-23.1699073501" lon="-46.4794497471"><ele>770.15</ele><time>2023-12-17T09:24:06Z</time></trkpt><trkpt lat="-23.1699921750" lon="-46.4794882201"><ele>770.15</ele><time>2023-12-17T09:24:19Z</time></trkpt><trkpt lat="-23.1702130381" lon="-46.4795565326"><ele>769.67</ele><time>2023-12-17T09:24:38Z</time></trkpt><trkpt lat="-23.1704860367" lon="-46.4796233363"><ele>769.67</ele><time>2023-12-17T09:25:00Z</time></trkpt><trkpt lat="-23.1707302015" lon="-46.4796816744"><ele>770.63</ele><time>2023-12-17T09:25:19Z</time></trkpt><trkpt lat="-23.1708089914" lon="-46.4796958398"><ele>770.15</ele><time>2023-12-17T09:25:33Z</time></trkpt><trkpt lat="-23.1708286889" lon="-46.4796984382"><ele>770.63</ele><time>2023-12-17T09:25:46Z</time></trkpt><trkpt lat="-23.1709260028" lon="-46.4797385037"><ele>770.63</ele><time>2023-12-17T09:26:00Z</time></trkpt><trkpt lat="-23.1711204629" lon="-46.4797840174"><ele>771.60</ele><time>2023-12-17T09:26:18Z</time></trkpt><trkpt lat="-23.1713043619" lon="-46.4798087440"><ele>772.56</ele><time>2023-12-17T09:26:34Z</time></trkpt><trkpt lat="-23.1715011690" lon="-46.4798846841"><ele>774.00</ele><time>2023-12-17T09:26:52Z</time></trkpt><trkpt lat="-23.1717507821" lon="-46.4799940679"><ele>774.00</ele><time>2023-12-17T09:27:14Z</time></trkpt><trkpt lat="-23.1719909236" lon="-46.4800194651"><ele>773.52</ele><time>2023-12-17T09:27:34Z</time></trkpt><trkpt lat="-23.1721804384" lon="-46.4800013602"><ele>773.04</ele><time>2023-12-17T09:27:50Z</time></trkpt><trkpt lat="-23.1724010501" lon="-46.4799986780"><ele>773.04</ele><time>2023-12-17T09:28:08Z</time></trkpt><trkpt lat="-23.1725717057" lon="-46.4801234007"><ele>772.56</ele><time>2023-12-17T09:28:25Z</time></trkpt><trkpt lat="-23.1727625616" lon="-46.4803348761"><ele>772.08</ele><time>2023-12-17T09:28:45Z</time></trkpt><trkpt lat="-23.1729478016" lon="-46.4805107284"><ele>772.08</ele><time>2023-12-17T09:29:04Z</time></trkpt><trkpt lat="-23.1731433515" lon="-46.4807005785"><ele>772.56</ele><time>2023-12-17T09:29:24Z</time></trkpt><trkpt lat="-23.1732964888" lon="-46.4808959607"><ele>772.56</ele><time>2023-12-17T09:29:42Z</time></trkpt><trkpt lat="-23.1734186970" lon="-46.4810957015"><ele>773.04</ele><time>2023-12-17T09:30:00Z</time></trkpt><trkpt lat="-23.1735204533" lon="-46.4813105296"><ele>774.48</ele><time>2023-12-17T09:30:17Z</time></trkpt><trkpt lat="-23.1735825632" lon="-46.4815077558"><ele>776.88</ele><time>2023-12-17T09:30:33Z</time></trkpt><trkpt lat="-23.1736595929" lon="-46.4816898108"><ele>776.40</ele><time>2023-12-17T09:30:50Z</time></trkpt><trkpt lat="-23.1737816334" lon="-46.4819135237"><ele>775.44</ele><time>2023-12-17T09:31:08Z</time></trkpt><trkpt lat="-23.1739266403" lon="-46.4820936508"><ele>774.96</ele><time>2023-12-17T09:31:24Z</time></trkpt><trkpt lat="-23.1740915962" lon="-46.4822741970"><ele>774.48</ele><time>2023-12-17T09:31:42Z</time></trkpt><trkpt lat="-23.1742161512" lon="-46.4823975787"><ele>773.52</ele><time>2023-12-17T09:31:57Z</time></trkpt><trkpt lat="-23.1742250361" lon="-46.4824065473"><ele>773.52</ele><time>2023-12-17T09:31:58Z</time></trkpt><trkpt lat="-23.1742795184" lon="-46.4825865068"><ele>772.56</ele><time>2023-12-17T09:32:14Z</time></trkpt><trkpt lat="-23.1742550433" lon="-46.4827507921"><ele>772.56</ele><time>2023-12-17T09:32:28Z</time></trkpt><trkpt lat="-23.1741884071" lon="-46.4829518739"><ele>773.04</ele><time>2023-12-17T09:32:45Z</time></trkpt><trkpt lat="-23.1740791071" lon="-46.4832149819"><ele>773.04</ele><time>2023-12-17T09:33:06Z</time></trkpt><trkpt lat="-23.1739873253" lon="-46.4834276307"><ele>773.52</ele><time>2023-12-17T09:33:24Z</time></trkpt><trkpt lat="-23.1738916878" lon="-46.4836940076"><ele>774.00</ele><time>2023-12-17T09:33:44Z</time></trkpt><trkpt lat="-23.1738548074" lon="-46.4839015435"><ele>774.48</ele><time>2023-12-17T09:33:59Z</time></trkpt><trkpt lat="-23.1738552265" lon="-46.4839577861"><ele>774.00</ele><time>2023-12-17T09:34:03Z</time></trkpt><trkpt lat="-23.1738554779" lon="-46.4842008613"><ele>775.44</ele><time>2023-12-17T09:34:22Z</time></trkpt><trkpt lat="-23.1738574058" lon="-46.4843800664"><ele>778.32</ele><time>2023-12-17T09:34:37Z</time></trkpt><trkpt lat="-23.1738510355" lon="-46.4844058827"><ele>778.32</ele><time>2023-12-17T09:34:39Z</time></trkpt><trkpt lat="-23.1738416478" lon="-46.4846577588"><ele>781.21</ele><time>2023-12-17T09:34:58Z</time></trkpt><trkpt lat="-23.1738187652" lon="-46.4848771133"><ele>781.69</ele><time>2023-12-17T09:35:14Z</time></trkpt><trkpt lat="-23.1738030072" lon="-46.4851174224"><ele>782.17</ele><time>2023-12-17T09:35:31Z</time></trkpt><trkpt lat="-23.1737829745" lon="-46.4852150716"><ele>782.17</ele><time>2023-12-17T09:35:38Z</time></trkpt><trkpt lat="-23.1737725809" lon="-46.4854597393"><ele>783.13</ele><time>2023-12-17T09:35:56Z</time></trkpt><trkpt lat="-23.1737364549" lon="-46.4856484998"><ele>784.09</ele><time>2023-12-17T09:36:11Z</time></trkpt><trkpt lat="-23.1736839842" lon="-46.4857660141"><ele>785.05</ele><time>2023-12-17T09:36:24Z</time></trkpt><trkpt lat="-23.1736457627" lon="-46.4858678542"><ele>785.05</ele><time>2023-12-17T09:36:34Z</time></trkpt><trkpt lat="-23.1736284960" lon="-46.4859035611"><ele>786.02</ele><time>2023-12-17T09:36:37Z</time></trkpt><trkpt lat="-23.1735837366" lon="-46.4859927446"><ele>786.98</ele><time>2023-12-17T09:36:45Z</time></trkpt><trkpt lat="-23.1735165976" lon="-46.4861043915"><ele>789.38</ele><time>2023-12-17T09:36:57Z</time></trkpt><trkpt lat="-23.1734232232" lon="-46.4862147812"><ele>791.30</ele><time>2023-12-17T09:37:12Z</time></trkpt><trkpt lat="-23.1733648852" lon="-46.4862954989"><ele>792.74</ele><time>2023-12-17T09:37:22Z</time></trkpt><trkpt lat="-23.1733083073" lon="-46.4863814972"><ele>794.67</ele><time>2023-12-17T09:37:30Z</time></trkpt><trkpt lat="-23.1732932199" lon="-46.4864488877"><ele>795.15</ele><time>2023-12-17T09:37:37Z</time></trkpt><trkpt lat="-23.1733243167" lon="-46.4865503088"><ele>796.59</ele><time>2023-12-17T09:37:49Z</time></trkpt><trkpt lat="-23.1734198704" lon="-46.4865979180"><ele>797.55</ele><time>2023-12-17T09:38:02Z</time></trkpt><trkpt lat="-23.1734361313" lon="-46.4866056293"><ele>798.03</ele><time>2023-12-17T09:38:27Z</time></trkpt><trkpt lat="-23.1734842435" lon="-46.4865922183"><ele>799.47</ele><time>2023-12-17T09:38:43Z</time></trkpt><trkpt lat="-23.1735900231" lon="-46.4865756221"><ele>801.88</ele><time>2023-12-17T09:38:59Z</time></trkpt><trkpt lat="-23.1736188568" lon="-46.4865686651"><ele>802.84</ele><time>2023-12-17T09:39:14Z</time></trkpt><trkpt lat="-23.1736270711" lon="-46.4865637198"><ele>802.36</ele><time>2023-12-17T09:39:34Z</time></trkpt><trkpt lat="-23.1736138277" lon="-46.4866047073"><ele>801.88</ele><time>2023-12-17T09:39:58Z</time></trkpt><trkpt lat="-23.1735738460" lon="-46.4865498897"><ele>801.40</ele><time>2023-12-17T09:40:27Z</time></trkpt><trkpt lat="-23.1735676434" lon="-46.4864610415"><ele>802.36</ele><time>2023-12-17T09:40:58Z</time></trkpt><trkpt lat="-23.1735536456" lon="-46.4864770509"><ele>801.88</ele><time>2023-12-17T09:41:24Z</time></trkpt><trkpt lat="-23.1735633686" lon="-46.4865471236"><ele>801.88</ele><time>2023-12-17T09:41:44Z</time></trkpt><trkpt lat="-23.1735837366" lon="-46.4865915477"><ele>802.36</ele><time>2023-12-17T09:42:08Z</time></trkpt><trkpt lat="-23.1736363750" lon="-46.4865955710"><ele>802.36</ele><time>2023-12-17T09:42:40Z</time></trkpt><trkpt lat="-23.1736418232" lon="-46.4865745325"><ele>802.36</ele><time>2023-12-17T09:43:11Z</time></trkpt><trkpt lat="-23.1736200303" lon="-46.4865681622"><ele>802.36</ele><time>2023-12-17T09:43:35Z</time></trkpt><trkpt lat="-23.1736381352" lon="-46.4865811542"><ele>802.36</ele><time>2023-12-17T09:44:09Z</time></trkpt><trkpt lat="-23.1736507080" lon="-46.4865915477"><ele>803.32</ele><time>2023-12-17T09:44:35Z</time></trkpt><trkpt lat="-23.1737828068" lon="-46.4866640512"><ele>806.68</ele><time>2023-12-17T09:44:47Z</time></trkpt><trkpt lat="-23.1738660391" lon="-46.4866699185"><ele>807.64</ele><time>2023-12-17T09:44:54Z</time></trkpt><trkpt lat="-23.1739480980" lon="-46.4867167734"><ele>809.09</ele><time>2023-12-17T09:45:01Z</time></trkpt><trkpt lat="-23.1741068512" lon="-46.4867866784"><ele>811.01</ele><time>2023-12-17T09:45:15Z</time></trkpt><trkpt lat="-23.1742680352" lon="-46.4868034422"><ele>813.41</ele><time>2023-12-17T09:45:29Z</time></trkpt><trkpt lat="-23.1744194962" lon="-46.4868767839"><ele>816.78</ele><time>2023-12-17T09:45:45Z</time></trkpt><trkpt lat="-23.1745402794" lon="-46.4869457670"><ele>819.18</ele><time>2023-12-17T09:45:59Z</time></trkpt><trkpt lat="-23.1746310554" lon="-46.4870108943"><ele>820.62</ele><time>2023-12-17T09:46:13Z</time></trkpt><trkpt lat="-23.1747623160" lon="-46.4870572463"><ele>823.99</ele><time>2023-12-17T09:46:30Z</time></trkpt><trkpt lat="-23.1748649944" lon="-46.4871207811"><ele>827.35</ele><time>2023-12-17T09:46:42Z</time></trkpt><trkpt lat="-23.1749564409" lon="-46.4871678036"><ele>830.24</ele><time>2023-12-17T09:46:53Z</time></trkpt><trkpt lat="-23.1750366557" lon="-46.4871889260"><ele>833.12</ele><time>2023-12-17T09:47:06Z</time></trkpt><trkpt lat="-23.1750468817" lon="-46.4872754272"><ele>836.00</ele><time>2023-12-17T09:47:19Z</time></trkpt><trkpt lat="-23.1750299502" lon="-46.4873952884"><ele>839.37</ele><time>2023-12-17T09:47:32Z</time></trkpt><trkpt lat="-23.1750343088" lon="-46.4874408860"><ele>840.81</ele><time>2023-12-17T09:47:37Z</time></trkpt><trkpt lat="-23.1750542577" lon="-46.4875685424"><ele>844.66</ele><time>2023-12-17T09:47:49Z</time></trkpt><trkpt lat="-23.1750962511" lon="-46.4876895770"><ele>848.02</ele><time>2023-12-17T09:48:02Z</time></trkpt><trkpt lat="-23.1751451176" lon="-46.4878225978"><ele>848.50</ele><time>2023-12-17T09:48:17Z</time></trkpt><trkpt lat="-23.1751822494" lon="-46.4877904113"><ele>848.02</ele><time>2023-12-17T09:48:32Z</time></trkpt><trkpt lat="-23.1752129272" lon="-46.4877543692"><ele>848.02</ele><time>2023-12-17T09:49:01Z</time></trkpt><trkpt lat="-23.1752012763" lon="-46.4877648465"><ele>848.02</ele><time>2023-12-17T09:49:21Z</time></trkpt><trkpt lat="-23.1751991808" lon="-46.4877610747"><ele>848.50</ele><time>2023-12-17T09:49:48Z</time></trkpt><trkpt lat="-23.1752167828" lon="-46.4877608232"><ele>848.02</ele><time>2023-12-17T09:50:21Z</time></trkpt><trkpt lat="-23.1752159446" lon="-46.4877725579"><ele>848.50</ele><time>2023-12-17T09:50:49Z</time></trkpt><trkpt lat="-23.1752357259" lon="-46.4877810236"><ele>848.50</ele><time>2023-12-17T09:51:15Z</time></trkpt><trkpt lat="-23.1752566807" lon="-46.4877702110"><ele>848.50</ele><time>2023-12-17T09:51:52Z</time></trkpt><trkpt lat="-23.1752097420" lon="-46.4877761621"><ele>848.50</ele><time>2023-12-17T09:52:21Z</time></trkpt><trkpt lat="-23.1751614623" lon="-46.4878293034"><ele>848.98</ele><time>2023-12-17T09:52:45Z</time></trkpt><trkpt lat="-23.1751526613" lon="-46.4878584724"><ele>848.50</ele><time>2023-12-17T09:52:47Z</time></trkpt><trkpt lat="-23.1750980951" lon="-46.4880638290"><ele>851.87</ele><time>2023-12-17T09:53:02Z</time></trkpt><trkpt lat="-23.1750740390" lon="-46.4881792478"><ele>855.23</ele><time>2023-12-17T09:53:13Z</time></trkpt><trkpt lat="-23.1750539225" lon="-46.4883598778"><ele>857.63</ele><time>2023-12-17T09:53:29Z</time></trkpt><trkpt lat="-23.1750369910" lon="-46.4885483030"><ele>861.00</ele><time>2023-12-17T09:53:44Z</time></trkpt><trkpt lat="-23.1750353985" lon="-46.4886969980"><ele>863.88</ele><time>2023-12-17T09:53:58Z</time></trkpt><trkpt lat="-23.1750271004" lon="-46.4888225589"><ele>867.25</ele><time>2023-12-17T09:54:08Z</time></trkpt><trkpt lat="-23.1750824209" lon="-46.4890471101"><ele>869.65</ele><time>2023-12-17T09:54:24Z</time></trkpt><trkpt lat="-23.1750758830" lon="-46.4891562425"><ele>872.53</ele><time>2023-12-17T09:54:33Z</time></trkpt><trkpt lat="-23.1750968378" lon="-46.4892731700"><ele>875.42</ele><time>2023-12-17T09:54:47Z</time></trkpt><trkpt lat="-23.1752174534" lon="-46.4894089568"><ele>879.26</ele><time>2023-12-17T09:55:03Z</time></trkpt><trkpt lat="-23.1753200479" lon="-46.4895030856"><ele>882.15</ele><time>2023-12-17T09:55:16Z</time></trkpt><trkpt lat="-23.1754129194" lon="-46.4896449912"><ele>885.51</ele><time>2023-12-17T09:55:29Z</time></trkpt><trkpt lat="-23.1755132508" lon="-46.4897216856"><ele>888.88</ele><time>2023-12-17T09:55:42Z</time></trkpt><trkpt lat="-23.1755647995" lon="-46.4898021519"><ele>892.24</ele><time>2023-12-17T09:55:54Z</time></trkpt><trkpt lat="-23.1756181084" lon="-46.4898662735"><ele>895.61</ele><time>2023-12-17T09:56:06Z</time></trkpt><trkpt lat="-23.1757406518" lon="-46.4899699576"><ele>898.49</ele><time>2023-12-17T09:56:20Z</time></trkpt><trkpt lat="-23.1758725829" lon="-46.4900500886"><ele>901.85</ele><time>2023-12-17T09:56:33Z</time></trkpt><trkpt lat="-23.1759781949" lon="-46.4900556207"><ele>901.85</ele><time>2023-12-17T09:56:50Z</time></trkpt><trkpt lat="-23.1759596709" lon="-46.4900379349"><ele>902.33</ele><time>2023-12-17T09:57:13Z</time></trkpt><trkpt lat="-23.1759716570" lon="-46.4900112804"><ele>901.85</ele><time>2023-12-17T09:57:37Z</time></trkpt><trkpt lat="-23.1759645324" lon="-46.4900423773"><ele>902.33</ele><time>2023-12-17T09:58:07Z</time></trkpt><trkpt lat="-23.1759479363" lon="-46.4900313132"><ele>902.82</ele><time>2023-12-17T09:58:37Z</time></trkpt><trkpt lat="-23.1759477686" lon="-46.4899951033"><ele>902.82</ele><time>2023-12-17T09:58:55Z</time></trkpt><trkpt lat="-23.1759985629" lon="-46.4899798483"><ele>903.30</ele><time>2023-12-17T09:59:25Z</time></trkpt><trkpt lat="-23.1759918574" lon="-46.4900049102"><ele>903.30</ele><time>2023-12-17T09:59:52Z</time></trkpt><trkpt lat="-23.1759427395" lon="-46.4899614081"><ele>903.30</ele><time>2023-12-17T10:00:16Z</time></trkpt><trkpt lat="-23.1759773567" lon="-46.4899762440"><ele>903.78</ele><time>2023-12-17T10:00:47Z</time></trkpt><trkpt lat="-23.1759757642" lon="-46.4900065865"><ele>904.26</ele><time>2023-12-17T10:01:15Z</time></trkpt><trkpt lat="-23.1759917736" lon="-46.4900394436"><ele>904.26</ele><time>2023-12-17T10:01:28Z</time></trkpt><trkpt lat="-23.1759921927" lon="-46.4900464006"><ele>904.26</ele><time>2023-12-17T10:01:29Z</time></trkpt><trkpt lat="-23.1760208588" lon="-46.4901928324"><ele>908.10</ele><time>2023-12-17T10:01:40Z</time></trkpt><trkpt lat="-23.1760520395" lon="-46.4903211594"><ele>910.99</ele><time>2023-12-17T10:01:51Z</time></trkpt><trkpt lat="-23.1761193462" lon="-46.4904274419"><ele>914.35</ele><time>2023-12-17T10:02:01Z</time></trkpt><trkpt lat="-23.1762226950" lon="-46.4904826786"><ele>917.24</ele><time>2023-12-17T10:02:12Z</time></trkpt><trkpt lat="-23.1763164885" lon="-46.4905043039"><ele>920.12</ele><time>2023-12-17T10:02:22Z</time></trkpt><trkpt lat="-23.1764182448" lon="-46.4905552659"><ele>923.48</ele><time>2023-12-17T10:02:35Z</time></trkpt><trkpt lat="-23.1764229387" lon="-46.4905588701"><ele>923.48</ele><time>2023-12-17T10:02:36Z</time></trkpt><trkpt lat="-23.1764917541" lon="-46.4906159509"><ele>926.85</ele><time>2023-12-17T10:02:48Z</time></trkpt><trkpt lat="-23.1765675265" lon="-46.4907187130"><ele>930.21</ele><time>2023-12-17T10:03:03Z</time></trkpt><trkpt lat="-23.1766111124" lon="-46.4908163622"><ele>933.58</ele><time>2023-12-17T10:03:17Z</time></trkpt><trkpt lat="-23.1766775809" lon="-46.4909233153"><ele>936.46</ele><time>2023-12-17T10:03:32Z</time></trkpt><trkpt lat="-23.1767670996" lon="-46.4910423383"><ele>939.83</ele><time>2023-12-17T10:03:48Z</time></trkpt><trkpt lat="-23.1768407766" lon="-46.4911396522"><ele>943.19</ele><time>2023-12-17T10:04:04Z</time></trkpt><trkpt lat="-23.1769316364" lon="-46.4912174363"><ele>946.07</ele><time>2023-12-17T10:04:18Z</time></trkpt><trkpt lat="-23.1770188920" lon="-46.4913067874"><ele>949.44</ele><time>2023-12-17T10:04:32Z</time></trkpt><trkpt lat="-23.1770955864" lon="-46.4913571626"><ele>952.32</ele><time>2023-12-17T10:04:44Z</time></trkpt><trkpt lat="-23.1772034615" lon="-46.4914380480"><ele>955.21</ele><time>2023-12-17T10:04:59Z</time></trkpt><trkpt lat="-23.1773049664" lon="-46.4914865792"><ele>959.05</ele><time>2023-12-17T10:05:14Z</time></trkpt><trkpt lat="-23.1773667410" lon="-46.4915740024"><ele>961.94</ele><time>2023-12-17T10:05:31Z</time></trkpt><trkpt lat="-23.1774301082" lon="-46.4916943666"><ele>965.30</ele><time>2023-12-17T10:05:46Z</time></trkpt><trkpt lat="-23.1775388215" lon="-46.4917729050"><ele>968.18</ele><time>2023-12-17T10:06:01Z</time></trkpt><trkpt lat="-23.1776520610" lon="-46.4918544609"><ele>971.55</ele><time>2023-12-17T10:06:17Z</time></trkpt><trkpt lat="-23.1777792145" lon="-46.4919476677"><ele>974.91</ele><time>2023-12-17T10:06:36Z</time></trkpt><trkpt lat="-23.1779288314" lon="-46.4920361806"><ele>977.80</ele><time>2023-12-17T10:06:53Z</time></trkpt><trkpt lat="-23.1780621875" lon="-46.4921519347"><ele>979.72</ele><time>2023-12-17T10:07:12Z</time></trkpt><trkpt lat="-23.1781297456" lon="-46.4922990371"><ele>980.20</ele><time>2023-12-17T10:07:34Z</time></trkpt><trkpt lat="-23.1781522091" lon="-46.4922520146"><ele>980.20</ele><time>2023-12-17T10:07:50Z</time></trkpt><trkpt lat="-23.1781592499" lon="-46.4922776632"><ele>980.20</ele><time>2023-12-17T10:08:10Z</time></trkpt><trkpt lat="-23.1781418156" lon="-46.4922436327"><ele>980.20</ele><time>2023-12-17T10:08:29Z</time></trkpt><trkpt lat="-23.1781463418" lon="-46.4922676049"><ele>980.20</ele><time>2023-12-17T10:08:54Z</time></trkpt><trkpt lat="-23.1781923585" lon="-46.4922387712"><ele>980.20</ele><time>2023-12-17T10:09:22Z</time></trkpt><trkpt lat="-23.1781911012" lon="-46.4922197443"><ele>980.20</ele><time>2023-12-17T10:09:51Z</time></trkpt><trkpt lat="-23.1782080326" lon="-46.4922132064"><ele>980.20</ele><time>2023-12-17T10:10:22Z</time></trkpt><trkpt lat="-23.1781942025" lon="-46.4922070038"><ele>980.68</ele><time>2023-12-17T10:10:58Z</time></trkpt><trkpt lat="-23.1781964656" lon="-46.4922155533"><ele>980.20</ele><time>2023-12-17T10:11:31Z</time></trkpt><trkpt lat="-23.1781700626" lon="-46.4922126196"><ele>980.20</ele><time>2023-12-17T10:12:03Z</time></trkpt><trkpt lat="-23.1781929452" lon="-46.4922349155"><ele>980.68</ele><time>2023-12-17T10:12:44Z</time></trkpt><trkpt lat="-23.1781771872" lon="-46.4922173973"><ele>981.16</ele><time>2023-12-17T10:13:15Z</time></trkpt><trkpt lat="-23.1781474315" lon="-46.4922230132"><ele>981.64</ele><time>2023-12-17T10:13:49Z</time></trkpt><trkpt lat="-23.1781577412" lon="-46.4922230132"><ele>981.64</ele><time>2023-12-17T10:14:19Z</time></trkpt><trkpt lat="-23.1781641953" lon="-46.4922402799"><ele>981.64</ele><time>2023-12-17T10:14:54Z</time></trkpt><trkpt lat="-23.1782103796" lon="-46.4922204148"><ele>981.16</ele><time>2023-12-17T10:15:31Z</time></trkpt><trkpt lat="-23.1781803723" lon="-46.4922271203"><ele>981.64</ele><time>2023-12-17T10:15:52Z</time></trkpt><trkpt lat="-23.1781427376" lon="-46.4922172297"><ele>982.12</ele><time>2023-12-17T10:16:18Z</time></trkpt><trkpt lat="-23.1781418156" lon="-46.4923512563"><ele>981.16</ele><time>2023-12-17T10:16:39Z</time></trkpt><trkpt lat="-23.1781465095" lon="-46.4923751447"><ele>981.16</ele><time>2023-12-17T10:16:41Z</time></trkpt><trkpt lat="-23.1781766843" lon="-46.4925742149"><ele>980.20</ele><time>2023-12-17T10:16:58Z</time></trkpt><trkpt lat="-23.1783151533" lon="-46.4927518275"><ele>983.57</ele><time>2023-12-17T10:17:17Z</time></trkpt><trkpt lat="-23.1783202663" lon="-46.4929264225"><ele>983.09</ele><time>2023-12-17T10:17:34Z</time></trkpt><trkpt lat="-23.1784534547" lon="-46.4931481238"><ele>984.53</ele><time>2023-12-17T10:17:53Z</time></trkpt><trkpt lat="-23.1785823684" lon="-46.4932539873"><ele>987.89</ele><time>2023-12-17T10:18:06Z</time></trkpt><trkpt lat="-23.1788138766" lon="-46.4933675621"><ele>990.78</ele><time>2023-12-17T10:18:26Z</time></trkpt><trkpt lat="-23.1789712887" lon="-46.4934015926"><ele>993.66</ele><time>2023-12-17T10:18:42Z</time></trkpt><trkpt lat="-23.1790586282" lon="-46.4934816398"><ele>997.02</ele><time>2023-12-17T10:18:55Z</time></trkpt><trkpt lat="-23.1790500786" lon="-46.4936311729"><ele>997.51</ele><time>2023-12-17T10:19:15Z</time></trkpt><trkpt lat="-23.1790500786" lon="-46.4938175026"><ele>997.51</ele><time>2023-12-17T10:19:34Z</time></trkpt><trkpt lat="-23.1792289484" lon="-46.4938807860"><ele>998.47</ele><time>2023-12-17T10:19:50Z</time></trkpt><trkpt lat="-23.1793380808" lon="-46.4938791096"><ele>1001.83</ele><time>2023-12-17T10:20:04Z</time></trkpt><trkpt lat="-23.1794340536" lon="-46.4938783552"><ele>1003.75</ele><time>2023-12-17T10:20:12Z</time></trkpt><trkpt lat="-23.1795711815" lon="-46.4938273095"><ele>1007.12</ele><time>2023-12-17T10:20:25Z</time></trkpt><trkpt lat="-23.1796607841" lon="-46.4938481804"><ele>1010.00</ele><time>2023-12-17T10:20:39Z</time></trkpt><trkpt lat="-23.1797849201" lon="-46.4938601665"><ele>1013.37</ele><time>2023-12-17T10:20:51Z</time></trkpt><trkpt lat="-23.1799176056" lon="-46.4938950352"><ele>1017.21</ele><time>2023-12-17T10:21:05Z</time></trkpt><trkpt lat="-23.1800807174" lon="-46.4939703885"><ele>1020.10</ele><time>2023-12-17T10:21:21Z</time></trkpt><trkpt lat="-23.1802239642" lon="-46.4940260444"><ele>1023.46</ele><time>2023-12-17T10:21:36Z</time></trkpt><trkpt lat="-23.1803118065" lon="-46.4940898307"><ele>1026.34</ele><time>2023-12-17T10:21:51Z</time></trkpt><trkpt lat="-23.1804163288" lon="-46.4941845462"><ele>1029.23</ele><time>2023-12-17T10:22:07Z</time></trkpt><trkpt lat="-23.1804840546" lon="-46.4942899067"><ele>1030.67</ele><time>2023-12-17T10:22:20Z</time></trkpt><trkpt lat="-23.1805877388" lon="-46.4944618195"><ele>1032.11</ele><time>2023-12-17T10:22:41Z</time></trkpt><trkpt lat="-23.1806383654" lon="-46.4946399350"><ele>1030.19</ele><time>2023-12-17T10:23:00Z</time></trkpt><trkpt lat="-23.1808133796" lon="-46.4948636480"><ele>1028.75</ele><time>2023-12-17T10:23:18Z</time></trkpt><trkpt lat="-23.1808576360" lon="-46.4949030429"><ele>1029.23</ele><time>2023-12-17T10:23:23Z</time></trkpt><trkpt lat="-23.1809956860" lon="-46.4950008597"><ele>1029.71</ele><time>2023-12-17T10:23:40Z</time></trkpt><trkpt lat="-23.1810893957" lon="-46.4949723613"><ele>1029.71</ele><time>2023-12-17T10:24:09Z</time></trkpt><trkpt lat="-23.1810817681" lon="-46.4949530829"><ele>1029.71</ele><time>2023-12-17T10:24:42Z</time></trkpt><trkpt lat="-23.1810890604" lon="-46.4949317928"><ele>1029.71</ele><time>2023-12-17T10:25:13Z</time></trkpt><trkpt lat="-23.1810698658" lon="-46.4949272666"><ele>1030.19</ele><time>2023-12-17T10:25:36Z</time></trkpt><trkpt lat="-23.1810809299" lon="-46.4949093293"><ele>1029.71</ele><time>2023-12-17T10:26:11Z</time></trkpt><trkpt lat="-23.1811023876" lon="-46.4949506521"><ele>1030.19</ele><time>2023-12-17T10:26:43Z</time></trkpt><trkpt lat="-23.1810940895" lon="-46.4949256741"><ele>1030.19</ele><time>2023-12-17T10:27:18Z</time></trkpt><trkpt lat="-23.1810708717" lon="-46.4949213993"><ele>1030.19</ele><time>2023-12-17T10:27:58Z</time></trkpt><trkpt lat="-23.1811581273" lon="-46.4949145261"><ele>1030.67</ele><time>2023-12-17T10:28:37Z</time></trkpt><trkpt lat="-23.1810927484" lon="-46.4949672483"><ele>1030.67</ele><time>2023-12-17T10:29:01Z</time></trkpt><trkpt lat="-23.1810608134" lon="-46.4950232394"><ele>1030.67</ele><time>2023-12-17T10:29:25Z</time></trkpt><trkpt lat="-23.1810600590" lon="-46.4950341359"><ele>1031.15</ele><time>2023-12-17T10:29:59Z</time></trkpt><trkpt lat="-23.1810871325" lon="-46.4950281009"><ele>1031.15</ele><time>2023-12-17T10:30:27Z</time></trkpt><trkpt lat="-23.1811442133" lon="-46.4950108342"><ele>1033.07</ele><time>2023-12-17T10:30:57Z</time></trkpt><trkpt lat="-23.1812361628" lon="-46.4951148536"><ele>1035.96</ele><time>2023-12-17T10:31:12Z</time></trkpt><trkpt lat="-23.1813234184" lon="-46.4951386582"><ele>1039.32</ele><time>2023-12-17T10:31:20Z</time></trkpt><trkpt lat="-23.1814678386" lon="-46.4952048752"><ele>1042.69</ele><time>2023-12-17T10:31:31Z</time></trkpt><trkpt lat="-23.1814780645" lon="-46.4952097367"><ele>1042.69</ele><time>2023-12-17T10:31:32Z</time></trkpt><trkpt lat="-23.1814873684" lon="-46.4952161070"><ele>1042.69</ele><time>2023-12-17T10:31:33Z</time></trkpt><trkpt lat="-23.1815102510" lon="-46.4952345472"><ele>1043.17</ele><time>2023-12-17T10:31:35Z</time></trkpt><trkpt lat="-23.1816881988" lon="-46.4953273349"><ele>1046.05</ele><time>2023-12-17T10:31:49Z</time></trkpt><trkpt lat="-23.1818684936" lon="-46.4953789674"><ele>1048.94</ele><time>2023-12-17T10:32:04Z</time></trkpt><trkpt lat="-23.1820210442" lon="-46.4954555780"><ele>1051.82</ele><time>2023-12-17T10:32:19Z</time></trkpt><trkpt lat="-23.1821446773" lon="-46.4955569990"><ele>1054.70</ele><time>2023-12-17T10:32:35Z</time></trkpt><trkpt lat="-23.1822135765" lon="-46.4956571627"><ele>1056.63</ele><time>2023-12-17T10:32:47Z</time></trkpt><trkpt lat="-23.1870776787" lon="-46.4974632114"><ele>1135.45</ele><time>2023-12-17T10:59:47Z</time></trkpt><trkpt lat="-23.1870718114" lon="-46.4974773768"><ele>1134.97</ele><time>2023-12-17T11:00:05Z</time></trkpt><trkpt lat="-23.1870609988" lon="-46.4974809811"><ele>1135.94</ele><time>2023-12-17T11:00:30Z</time></trkpt><trkpt lat="-23.1870473363" lon="-46.4975316077"><ele>1136.42</ele><time>2023-12-17T11:00:42Z</time></trkpt><trkpt lat="-23.1870711409" lon="-46.4975549933"><ele>1137.38</ele><time>2023-12-17T11:00:59Z</time></trkpt><trkpt lat="-23.1871316582" lon="-46.4975547418"><ele>1137.86</ele><time>2023-12-17T11:01:13Z</time></trkpt><trkpt lat="-23.1871578936" lon="-46.4975438453"><ele>1137.86</ele><time>2023-12-17T11:01:30Z</time></trkpt><trkpt lat="-23.1871738192" lon="-46.4975741040"><ele>1138.82</ele><time>2023-12-17T11:01:49Z</time></trkpt><trkpt lat="-23.1872822810" lon="-46.4976030216"><ele>1139.78</ele><time>2023-12-17T11:02:05Z</time></trkpt><trkpt lat="-23.1873147190" lon="-46.4976283349"><ele>1140.74</ele><time>2023-12-17T11:02:19Z</time></trkpt><trkpt lat="-23.1873905752" lon="-46.4976766985"><ele>1141.22</ele><time>2023-12-17T11:02:33Z</time></trkpt><trkpt lat="-23.1873894855" lon="-46.4976623654"><ele>1141.22</ele><time>2023-12-17T11:02:44Z</time></trkpt><trkpt lat="-23.1873704586" lon="-46.4976427518"><ele>1142.18</ele><time>2023-12-17T11:03:04Z</time></trkpt><trkpt lat="-23.1873445585" lon="-46.4976140857"><ele>1141.70</ele><time>2023-12-17T11:03:21Z</time></trkpt><trkpt lat="-23.1873262022" lon="-46.4975892752"><ele>1140.26</ele><time>2023-12-17T11:03:33Z</time></trkpt><trkpt lat="-23.1873134617" lon="-46.4975958131"><ele>1141.70</ele><time>2023-12-17T11:04:11Z</time></trkpt><trkpt lat="-23.1873053312" lon="-46.4975813124"><ele>1141.22</ele><time>2023-12-17T11:04:41Z</time></trkpt><trkpt lat="-23.1873510964" lon="-46.4976000879"><ele>1142.18</ele><time>2023-12-17T11:05:25Z</time></trkpt><trkpt lat="-23.1873961072" lon="-46.4976100624"><ele>1142.18</ele><time>2023-12-17T11:05:56Z</time></trkpt><trkpt lat="-23.1873768289" lon="-46.4975985792"><ele>1142.66</ele><time>2023-12-17T11:06:28Z</time></trkpt><trkpt lat="-23.1873360090" lon="-46.4976015128"><ele>1143.14</ele><time>2023-12-17T11:06:58Z</time></trkpt><trkpt lat="-23.1873441394" lon="-46.4975969028"><ele>1143.63</ele><time>2023-12-17T11:07:30Z</time></trkpt><trkpt lat="-23.1873216759" lon="-46.4975938015"><ele>1144.11</ele><time>2023-12-17T11:07:56Z</time></trkpt><trkpt lat="-23.1873247772" lon="-46.4975986630"><ele>1144.11</ele><time>2023-12-17T11:08:26Z</time></trkpt><trkpt lat="-23.1873017270" lon="-46.4976295084"><ele>1145.07</ele><time>2023-12-17T11:08:41Z</time></trkpt><trkpt lat="-23.1873584725" lon="-46.4976689033"><ele>1146.03</ele><time>2023-12-17T11:08:56Z</time></trkpt><trkpt lat="-23.1873403676" lon="-46.4976576716"><ele>1146.51</ele><time>2023-12-17T11:09:08Z</time></trkpt><trkpt lat="-23.1873476598" lon="-46.4976600185"><ele>1146.51</ele><time>2023-12-17T11:09:27Z</time></trkpt><trkpt lat="-23.1873776671" lon="-46.4977337793"><ele>1146.99</ele><time>2023-12-17T11:09:37Z</time></trkpt><trkpt lat="-23.1874148827" lon="-46.4978477731"><ele>1149.39</ele><time>2023-12-17T11:09:51Z</time></trkpt><trkpt lat="-23.1874564569" lon="-46.4978498686"><ele>1149.87</ele><time>2023-12-17T11:10:05Z</time></trkpt><trkpt lat="-23.1874209177" lon="-46.4978304226"><ele>1149.87</ele><time>2023-12-17T11:10:18Z</time></trkpt><trkpt lat="-23.1873788405" lon="-46.4978416543"><ele>1148.91</ele><time>2023-12-17T11:10:36Z</time></trkpt><trkpt lat="-23.1873261184" lon="-46.4978097193"><ele>1148.43</ele><time>2023-12-17T11:10:51Z</time></trkpt><trkpt lat="-23.1872417964" lon="-46.4977777842"><ele>1147.47</ele><time>2023-12-17T11:11:05Z</time></trkpt><trkpt lat="-23.1872203387" lon="-46.4977704920"><ele>1147.95</ele><time>2023-12-17T11:11:08Z</time></trkpt><trkpt lat="-23.1871680357" lon="-46.4977518003"><ele>1147.47</ele><time>2023-12-17T11:11:14Z</time></trkpt><trkpt lat="-23.1871228572" lon="-46.4977283310"><ele>1146.51</ele><time>2023-12-17T11:11:20Z</time></trkpt><trkpt lat="-23.1870283931" lon="-46.4976663888"><ele>1145.55</ele><time>2023-12-17T11:11:36Z</time></trkpt><trkpt lat="-23.1870331708" lon="-46.4976366330"><ele>1145.07</ele><time>2023-12-17T11:11:40Z</time></trkpt><trkpt lat="-23.1870516948" lon="-46.4975745231"><ele>1144.11</ele><time>2023-12-17T11:11:47Z</time></trkpt><trkpt lat="-23.1870291475" lon="-46.4975520596"><ele>1144.11</ele><time>2023-12-17T11:11:50Z</time></trkpt><trkpt lat="-23.1870179996" lon="-46.4975395706"><ele>1144.11</ele><time>2023-12-17T11:11:52Z</time></trkpt><trkpt lat="-23.1869257987" lon="-46.4975142572"><ele>1143.14</ele><time>2023-12-17T11:12:06Z</time></trkpt><trkpt lat="-23.1868971325" lon="-46.4974749461"><ele>1142.66</ele><time>2023-12-17T11:12:19Z</time></trkpt><trkpt lat="-23.1868928578" lon="-46.4974700008"><ele>1142.66</ele><time>2023-12-17T11:12:20Z</time></trkpt><trkpt lat="-23.1868398003" lon="-46.4974075556"><ele>1141.70</ele><time>2023-12-17T11:12:34Z</time></trkpt><trkpt lat="-23.1868159119" lon="-46.4973910432"><ele>1141.22</ele><time>2023-12-17T11:12:48Z</time></trkpt><trkpt lat="-23.1868184265" lon="-46.4973969944"><ele>1141.22</ele><time>2023-12-17T11:13:03Z</time></trkpt><trkpt lat="-23.1868020818" lon="-46.4973735251"><ele>1141.22</ele><time>2023-12-17T11:13:26Z</time></trkpt><trkpt lat="-23.1868079491" lon="-46.4973628800"><ele>1140.74</ele><time>2023-12-17T11:13:48Z</time></trkpt><trkpt lat="-23.1868183427" lon="-46.4973632153"><ele>1141.22</ele><time>2023-12-17T11:14:12Z</time></trkpt><trkpt lat="-23.1868161634" lon="-46.4973608684"><ele>1140.74</ele><time>2023-12-17T11:14:31Z</time></trkpt><trkpt lat="-23.1867864076" lon="-46.4973670710"><ele>1140.74</ele><time>2023-12-17T11:14:49Z</time></trkpt><trkpt lat="-23.1867859885" lon="-46.4973658137"><ele>1141.22</ele><time>2023-12-17T11:15:17Z</time></trkpt><trkpt lat="-23.1867757626" lon="-46.4973623771"><ele>1140.74</ele><time>2023-12-17T11:15:42Z</time></trkpt><trkpt lat="-23.1867727451" lon="-46.4973700047"><ele>1140.74</ele><time>2023-12-17T11:16:09Z</time></trkpt><trkpt lat="-23.1867753435" lon="-46.4973595273"><ele>1140.74</ele><time>2023-12-17T11:16:29Z</time></trkpt><trkpt lat="-23.1867478509" lon="-46.4973829128"><ele>1141.22</ele><time>2023-12-17T11:16:46Z</time></trkpt><trkpt lat="-23.1867602561" lon="-46.4973827451"><ele>1140.74</ele><time>2023-12-17T11:17:04Z</time></trkpt><trkpt lat="-23.1867652852" lon="-46.4973887801"><ele>1141.22</ele><time>2023-12-17T11:17:28Z</time></trkpt><trkpt lat="-23.1867632736" lon="-46.4973857626"><ele>1141.70</ele><time>2023-12-17T11:17:54Z</time></trkpt><trkpt lat="-23.1867803726" lon="-46.4973617904"><ele>1141.22</ele><time>2023-12-17T11:18:06Z</time></trkpt><trkpt lat="-23.1867821328" lon="-46.4973673224"><ele>1141.70</ele><time>2023-12-17T11:18:25Z</time></trkpt><trkpt lat="-23.1868004892" lon="-46.4973759558"><ele>1141.22</ele><time>2023-12-17T11:18:45Z</time></trkpt><trkpt lat="-23.1868216116" lon="-46.4973688312"><ele>1141.70</ele><time>2023-12-17T11:19:02Z</time></trkpt><trkpt lat="-23.1868167501" lon="-46.4973602816"><ele>1141.70</ele><time>2023-12-17T11:19:31Z</time></trkpt><trkpt lat="-23.1868153252" lon="-46.4973758720"><ele>1141.70</ele><time>2023-12-17T11:19:52Z</time></trkpt><trkpt lat="-23.1868022494" lon="-46.4973654784"><ele>1141.70</ele><time>2023-12-17T11:20:13Z</time></trkpt><trkpt lat="-23.1867791992" lon="-46.4973807335"><ele>1141.70</ele><time>2023-12-17T11:20:37Z</time></trkpt><trkpt lat="-23.1868143193" lon="-46.4973915461"><ele>1142.18</ele><time>2023-12-17T11:20:54Z</time></trkpt><trkpt lat="-23.1868301611" lon="-46.4973858465"><ele>1142.66</ele><time>2023-12-17T11:21:07Z</time></trkpt><trkpt lat="-23.1868235394" lon="-46.4973809011"><ele>1142.66</ele><time>2023-12-17T11:21:30Z</time></trkpt><trkpt lat="-23.1868158281" lon="-46.4973731060"><ele>1142.66</ele><time>2023-12-17T11:21:59Z</time></trkpt><trkpt lat="-23.1868274789" lon="-46.4973752014"><ele>1143.14</ele><time>2023-12-17T11:22:27Z</time></trkpt><trkpt lat="-23.1868297420" lon="-46.4973785542"><ele>1143.63</ele><time>2023-12-17T11:22:43Z</time></trkpt><trkpt lat="-23.1868800335" lon="-46.4973790571"><ele>1143.63</ele><time>2023-12-17T11:23:10Z</time></trkpt><trkpt lat="-23.1868809555" lon="-46.4974404126"><ele>1145.07</ele><time>2023-12-17T11:23:27Z</time></trkpt><trkpt lat="-23.1869166624" lon="-46.4974762872"><ele>1146.03</ele><time>2023-12-17T11:23:42Z</time></trkpt><trkpt lat="-23.1869155727" lon="-46.4975063782"><ele>1145.55</ele><time>2023-12-17T11:23:47Z</time></trkpt><trkpt lat="-23.1869553868" lon="-46.4975410793"><ele>1146.51</ele><time>2023-12-17T11:23:54Z</time></trkpt><trkpt lat="-23.1870439835" lon="-46.4975971542"><ele>1147.95</ele><time>2023-12-17T11:24:07Z</time></trkpt><trkpt lat="-23.1871044170" lon="-46.4976323582"><ele>1149.39</ele><time>2023-12-17T11:24:16Z</time></trkpt><trkpt lat="-23.1871720590" lon="-46.4976803865"><ele>1150.35</ele><time>2023-12-17T11:24:24Z</time></trkpt><trkpt lat="-23.1872366834" lon="-46.4977979008"><ele>1152.28</ele><time>2023-12-17T11:24:39Z</time></trkpt><trkpt lat="-23.1873236038" lon="-46.4978462644"><ele>1153.24</ele><time>2023-12-17T11:24:52Z</time></trkpt><trkpt lat="-23.1874695327" lon="-46.4979135711"><ele>1155.16</ele><time>2023-12-17T11:25:06Z</time></trkpt><trkpt lat="-23.1876528449" lon="-46.4979751781"><ele>1156.12</ele><time>2023-12-17T11:25:23Z</time></trkpt><trkpt lat="-23.1878007855" lon="-46.4980201889"><ele>1157.08</ele><time>2023-12-17T11:25:38Z</time></trkpt><trkpt lat="-23.1879310403" lon="-46.4980657026"><ele>1157.08</ele><time>2023-12-17T11:25:52Z</time></trkpt><trkpt lat="-23.1879511569" lon="-46.4980853163"><ele>1157.56</ele><time>2023-12-17T11:26:04Z</time></trkpt><trkpt lat="-23.1880090758" lon="-46.4981693868"><ele>1158.53</ele><time>2023-12-17T11:26:17Z</time></trkpt><trkpt lat="-23.1880332157" lon="-46.4982108772"><ele>1159.01</ele><time>2023-12-17T11:26:31Z</time></trkpt><trkpt lat="-23.1880448665" lon="-46.4982178342"><ele>1159.01</ele><time>2023-12-17T11:26:38Z</time></trkpt><trkpt lat="-23.1881842576" lon="-46.4982373640"><ele>1159.49</ele><time>2023-12-17T11:26:52Z</time></trkpt><trkpt lat="-23.1883613672" lon="-46.4982153196"><ele>1161.89</ele><time>2023-12-17T11:27:07Z</time></trkpt><trkpt lat="-23.1885658856" lon="-46.4982402977"><ele>1164.29</ele><time>2023-12-17T11:27:24Z</time></trkpt><trkpt lat="-23.1885735132" lon="-46.4982420579"><ele>1164.29</ele><time>2023-12-17T11:27:25Z</time></trkpt><trkpt lat="-23.1887864135" lon="-46.4983060118"><ele>1166.70</ele><time>2023-12-17T11:27:43Z</time></trkpt><trkpt lat="-23.1890185922" lon="-46.4982844703"><ele>1167.18</ele><time>2023-12-17T11:27:58Z</time></trkpt><trkpt lat="-23.1892155670" lon="-46.4982452430"><ele>1167.66</ele><time>2023-12-17T11:28:11Z</time></trkpt><trkpt lat="-23.1893877313" lon="-46.4981111325"><ele>1167.18</ele><time>2023-12-17T11:28:28Z</time></trkpt><trkpt lat="-23.1894666050" lon="-46.4979764353"><ele>1165.74</ele><time>2023-12-17T11:28:43Z</time></trkpt><trkpt lat="-23.1894940976" lon="-46.4979150798"><ele>1165.74</ele><time>2023-12-17T11:28:57Z</time></trkpt><trkpt lat="-23.1894899905" lon="-46.4978957176"><ele>1165.26</ele><time>2023-12-17T11:29:08Z</time></trkpt><trkpt lat="-23.1894697063" lon="-46.4979404770"><ele>1166.22</ele><time>2023-12-17T11:29:27Z</time></trkpt><trkpt lat="-23.1894641742" lon="-46.4979469310"><ele>1166.22</ele><time>2023-12-17T11:29:42Z</time></trkpt><trkpt lat="-23.1894928403" lon="-46.4979077876"><ele>1165.74</ele><time>2023-12-17T11:29:58Z</time></trkpt><trkpt lat="-23.1894800160" lon="-46.4979052730"><ele>1165.26</ele><time>2023-12-17T11:30:16Z</time></trkpt><trkpt lat="-23.1894977856" lon="-46.4979165047"><ele>1165.74</ele><time>2023-12-17T11:30:30Z</time></trkpt><trkpt lat="-23.1895084307" lon="-46.4979103860"><ele>1165.74</ele><time>2023-12-17T11:30:33Z</time></trkpt><trkpt lat="-23.1895255297" lon="-46.4978832286"><ele>1164.77</ele><time>2023-12-17T11:30:36Z</time></trkpt><trkpt lat="-23.1895630807" lon="-46.4978328533"><ele>1164.29</ele><time>2023-12-17T11:30:41Z</time></trkpt><trkpt lat="-23.1896939222" lon="-46.4977267385"><ele>1160.93</ele><time>2023-12-17T11:30:57Z</time></trkpt><trkpt lat="-23.1897003762" lon="-46.4977192786"><ele>1160.45</ele><time>2023-12-17T11:30:58Z</time></trkpt><trkpt lat="-23.1897712033" lon="-46.4976014290"><ele>1157.08</ele><time>2023-12-17T11:31:11Z</time></trkpt><trkpt lat="-23.1898062397" lon="-46.4974405803"><ele>1153.72</ele><time>2023-12-17T11:31:24Z</time></trkpt><trkpt lat="-23.1898679305" lon="-46.4972690027"><ele>1150.84</ele><time>2023-12-17T11:31:41Z</time></trkpt><trkpt lat="-23.1898910645" lon="-46.4972405042"><ele>1150.35</ele><time>2023-12-17T11:31:45Z</time></trkpt><trkpt lat="-23.1899560243" lon="-46.4971116744"><ele>1148.43</ele><time>2023-12-17T11:32:01Z</time></trkpt><trkpt lat="-23.1900177151" lon="-46.4970114268"><ele>1146.03</ele><time>2023-12-17T11:32:20Z</time></trkpt><trkpt lat="-23.1900655758" lon="-46.4968896378"><ele>1143.14</ele><time>2023-12-17T11:32:34Z</time></trkpt><trkpt lat="-23.1901126821" lon="-46.4967559464"><ele>1139.78</ele><time>2023-12-17T11:32:48Z</time></trkpt><trkpt lat="-23.1901811622" lon="-46.4966495801"><ele>1136.90</ele><time>2023-12-17T11:33:01Z</time></trkpt><trkpt lat="-23.1902549230" lon="-46.4965352509"><ele>1133.53</ele><time>2023-12-17T11:33:15Z</time></trkpt><trkpt lat="-23.1902599521" lon="-46.4965293836"><ele>1133.53</ele><time>2023-12-17T11:33:16Z</time></trkpt><trkpt lat="-23.1902679987" lon="-46.4965242706"><ele>1134.01</ele><time>2023-12-17T11:33:17Z</time></trkpt><trkpt lat="-23.1903033704" lon="-46.4964495040"><ele>1131.13</ele><time>2023-12-17T11:33:29Z</time></trkpt><trkpt lat="-23.1903611217" lon="-46.4963213447"><ele>1127.28</ele><time>2023-12-17T11:33:46Z</time></trkpt><trkpt lat="-23.1903684977" lon="-46.4963042457"><ele>1126.80</ele><time>2023-12-17T11:33:48Z</time></trkpt><trkpt lat="-23.1904132571" lon="-46.4961879048"><ele>1123.44</ele><time>2023-12-17T11:33:59Z</time></trkpt><trkpt lat="-23.1904476229" lon="-46.4960685465"><ele>1120.07</ele><time>2023-12-17T11:34:12Z</time></trkpt><trkpt lat="-23.1904814858" lon="-46.4959710650"><ele>1117.67</ele><time>2023-12-17T11:34:24Z</time></trkpt><trkpt lat="-23.1905124988" lon="-46.4958900120"><ele>1115.75</ele><time>2023-12-17T11:34:36Z</time></trkpt><trkpt lat="-23.1905427575" lon="-46.4957751799"><ele>1112.86</ele><time>2023-12-17T11:34:48Z</time></trkpt><trkpt lat="-23.1905948929" lon="-46.4956821408"><ele>1109.98</ele><time>2023-12-17T11:34:58Z</time></trkpt><trkpt lat="-23.1906438433" lon="-46.4956150018"><ele>1108.06</ele><time>2023-12-17T11:35:05Z</time></trkpt><trkpt lat="-23.1906598527" lon="-46.4955868386"><ele>1107.10</ele><time>2023-12-17T11:35:08Z</time></trkpt><trkpt lat="-23.1907414086" lon="-46.4954938833"><ele>1105.17</ele><time>2023-12-17T11:35:21Z</time></trkpt><trkpt lat="-23.1908247247" lon="-46.4954005089"><ele>1103.73</ele><time>2023-12-17T11:35:35Z</time></trkpt><trkpt lat="-23.1908611022" lon="-46.4953833260"><ele>1103.25</ele><time>2023-12-17T11:35:43Z</time></trkpt><trkpt lat="-23.1908831466" lon="-46.4953526482"><ele>1102.77</ele><time>2023-12-17T11:35:56Z</time></trkpt><trkpt lat="-23.1908648741" lon="-46.4953176118"><ele>1103.25</ele><time>2023-12-17T11:36:08Z</time></trkpt><trkpt lat="-23.1909490284" lon="-46.4952561725"><ele>1101.81</ele><time>2023-12-17T11:36:25Z</time></trkpt><trkpt lat="-23.1909658760" lon="-46.4952443540"><ele>1101.81</ele><time>2023-12-17T11:36:27Z</time></trkpt><trkpt lat="-23.1910716556" lon="-46.4951508958"><ele>1101.33</ele><time>2023-12-17T11:36:41Z</time></trkpt><trkpt lat="-23.1911308318" lon="-46.4950792305"><ele>1100.37</ele><time>2023-12-17T11:36:55Z</time></trkpt><trkpt lat="-23.1911341008" lon="-46.4950741176"><ele>1100.37</ele><time>2023-12-17T11:36:56Z</time></trkpt><trkpt lat="-23.1911473442" lon="-46.4950504806"><ele>1099.89</ele><time>2023-12-17T11:37:09Z</time></trkpt><trkpt lat="-23.1911285687" lon="-46.4950498939"><ele>1099.89</ele><time>2023-12-17T11:37:29Z</time></trkpt><trkpt lat="-23.1910993159" lon="-46.4950793982"><ele>1099.89</ele><time>2023-12-17T11:37:56Z</time></trkpt><trkpt lat="-23.1911366154" lon="-46.4950319566"><ele>1100.85</ele><time>2023-12-17T11:38:28Z</time></trkpt><trkpt lat="-23.1911082845" lon="-46.4950450324"><ele>1100.37</ele><time>2023-12-17T11:38:52Z</time></trkpt><trkpt lat="-23.1911109667" lon="-46.4950543363"><ele>1100.85</ele><time>2023-12-17T11:39:16Z</time></trkpt><trkpt lat="-23.1911909301" lon="-46.4950338006"><ele>1100.37</ele><time>2023-12-17T11:39:37Z</time></trkpt><trkpt lat="-23.1912924349" lon="-46.4949559327"><ele>1098.44</ele><time>2023-12-17T11:39:51Z</time></trkpt><trkpt lat="-23.1913308240" lon="-46.4948291145"><ele>1095.08</ele><time>2023-12-17T11:40:07Z</time></trkpt><trkpt lat="-23.1913327519" lon="-46.4948047232"><ele>1094.12</ele><time>2023-12-17T11:40:09Z</time></trkpt><trkpt lat="-23.1913342606" lon="-46.4947637357"><ele>1093.16</ele><time>2023-12-17T11:40:13Z</time></trkpt><trkpt lat="-23.1913415529" lon="-46.4946457185"><ele>1091.23</ele><time>2023-12-17T11:40:21Z</time></trkpt><trkpt lat="-23.1913733203" lon="-46.4945308026"><ele>1088.83</ele><time>2023-12-17T11:40:31Z</time></trkpt><trkpt lat="-23.1913889106" lon="-46.4945160504"><ele>1087.87</ele><time>2023-12-17T11:40:33Z</time></trkpt><trkpt lat="-23.1914053392" lon="-46.4944965206"><ele>1087.39</ele><time>2023-12-17T11:40:35Z</time></trkpt><trkpt lat="-23.1914854702" lon="-46.4944585506"><ele>1084.99</ele><time>2023-12-17T11:40:41Z</time></trkpt><trkpt lat="-23.1915127952" lon="-46.4944268670"><ele>1084.50</ele><time>2023-12-17T11:40:43Z</time></trkpt><trkpt lat="-23.1915529445" lon="-46.4943868853"><ele>1083.06</ele><time>2023-12-17T11:40:46Z</time></trkpt><trkpt lat="-23.1916671060" lon="-46.4942699578"><ele>1080.66</ele><time>2023-12-17T11:40:59Z</time></trkpt><trkpt lat="-23.1917759031" lon="-46.4941078518"><ele>1078.74</ele><time>2023-12-17T11:41:15Z</time></trkpt><trkpt lat="-23.1918443833" lon="-46.4939236175"><ele>1077.78</ele><time>2023-12-17T11:41:30Z</time></trkpt><trkpt lat="-23.1918592192" lon="-46.4938036725"><ele>1077.29</ele><time>2023-12-17T11:41:38Z</time></trkpt><trkpt lat="-23.1919722073" lon="-46.4935108926"><ele>1075.85</ele><time>2023-12-17T11:41:58Z</time></trkpt><trkpt lat="-23.1920074113" lon="-46.4932900295"><ele>1075.37</ele><time>2023-12-17T11:42:13Z</time></trkpt><trkpt lat="-23.1920368318" lon="-46.4930486307"><ele>1074.41</ele><time>2023-12-17T11:42:30Z</time></trkpt><trkpt lat="-23.1920132786" lon="-46.4928268455"><ele>1073.45</ele><time>2023-12-17T11:42:43Z</time></trkpt><trkpt lat="-23.1920166314" lon="-46.4926716127"><ele>1071.53</ele><time>2023-12-17T11:42:54Z</time></trkpt><trkpt lat="-23.1920410227" lon="-46.4924878813"><ele>1067.68</ele><time>2023-12-17T11:43:04Z</time></trkpt><trkpt lat="-23.1920184754" lon="-46.4924100135"><ele>1066.24</ele><time>2023-12-17T11:43:11Z</time></trkpt><trkpt lat="-23.1920022145" lon="-46.4923582133"><ele>1065.76</ele><time>2023-12-17T11:43:28Z</time></trkpt><trkpt lat="-23.1919769011" lon="-46.4923822694"><ele>1066.24</ele><time>2023-12-17T11:43:53Z</time></trkpt><trkpt lat="-23.1919628195" lon="-46.4923695289"><ele>1066.24</ele><time>2023-12-17T11:44:28Z</time></trkpt><trkpt lat="-23.1919547729" lon="-46.4923721272"><ele>1065.76</ele><time>2023-12-17T11:44:59Z</time></trkpt><trkpt lat="-23.1919521745" lon="-46.4923758991"><ele>1065.76</ele><time>2023-12-17T11:45:35Z</time></trkpt><trkpt lat="-23.1918981951" lon="-46.4923253562"><ele>1066.24</ele><time>2023-12-17T11:46:09Z</time></trkpt><trkpt lat="-23.1920100935" lon="-46.4923690259"><ele>1066.72</ele><time>2023-12-17T11:46:30Z</time></trkpt><trkpt lat="-23.1920506619" lon="-46.4923250210"><ele>1067.20</ele><time>2023-12-17T11:46:52Z</time></trkpt><trkpt lat="-23.1920620613" lon="-46.4923216682"><ele>1066.72</ele><time>2023-12-17T11:47:26Z</time></trkpt><trkpt lat="-23.1920549367" lon="-46.4923371747"><ele>1066.72</ele><time>2023-12-17T11:47:58Z</time></trkpt><trkpt lat="-23.1920469739" lon="-46.4923195727"><ele>1066.72</ele><time>2023-12-17T11:48:32Z</time></trkpt><trkpt lat="-23.1920428667" lon="-46.4923312236"><ele>1066.72</ele><time>2023-12-17T11:49:03Z</time></trkpt><trkpt lat="-23.1920506619" lon="-46.4923292957"><ele>1067.20</ele><time>2023-12-17T11:49:39Z</time></trkpt><trkpt lat="-23.1920650788" lon="-46.4923478197"><ele>1067.20</ele><time>2023-12-17T11:49:57Z</time></trkpt><trkpt lat="-23.1921073236" lon="-46.4923417848"><ele>1067.20</ele><time>2023-12-17T11:50:15Z</time></trkpt><trkpt lat="-23.1921142805" lon="-46.4923636615"><ele>1067.20</ele><time>2023-12-17T11:50:46Z</time></trkpt><trkpt lat="-23.1921321340" lon="-46.4923780784"><ele>1067.20</ele><time>2023-12-17T11:50:49Z</time></trkpt><trkpt lat="-23.1922506541" lon="-46.4924309682"><ele>1067.20</ele><time>2023-12-17T11:51:02Z</time></trkpt><trkpt lat="-23.1923404243" lon="-46.4924777392"><ele>1067.20</ele><time>2023-12-17T11:51:10Z</time></trkpt><trkpt lat="-23.1924783904" lon="-46.4925468061"><ele>1068.16</ele><time>2023-12-17T11:51:20Z</time></trkpt><trkpt lat="-23.1926117465" lon="-46.4927097503"><ele>1068.64</ele><time>2023-12-17T11:51:35Z</time></trkpt><trkpt lat="-23.1927437615" lon="-46.4928275160"><ele>1067.20</ele><time>2023-12-17T11:51:50Z</time></trkpt><trkpt lat="-23.1928732619" lon="-46.4929172862"><ele>1066.24</ele><time>2023-12-17T11:52:06Z</time></trkpt><trkpt lat="-23.1929128245" lon="-46.4930160251"><ele>1064.80</ele><time>2023-12-17T11:52:19Z</time></trkpt><trkpt lat="-23.1929136626" lon="-46.4930371474"><ele>1064.32</ele><time>2023-12-17T11:52:22Z</time></trkpt><trkpt lat="-23.1929616071" lon="-46.4931060467"><ele>1063.84</ele><time>2023-12-17T11:52:29Z</time></trkpt><trkpt lat="-23.1929773651" lon="-46.4931173623"><ele>1063.36</ele><time>2023-12-17T11:52:31Z</time></trkpt><trkpt lat="-23.1930061989" lon="-46.4931582659"><ele>1063.36</ele><time>2023-12-17T11:52:35Z</time></trkpt><trkpt lat="-23.1930921134" lon="-46.4932988305"><ele>1062.39</ele><time>2023-12-17T11:52:50Z</time></trkpt><trkpt lat="-23.1931857392" lon="-46.4934181888"><ele>1060.47</ele><time>2023-12-17T11:53:04Z</time></trkpt><trkpt lat="-23.1932785269" lon="-46.4934803825"><ele>1059.51</ele><time>2023-12-17T11:53:15Z</time></trkpt><trkpt lat="-23.1933126412" lon="-46.4935107250"><ele>1058.07</ele><time>2023-12-17T11:53:20Z</time></trkpt><trkpt lat="-23.1933864858" lon="-46.4936580788"><ele>1056.15</ele><time>2023-12-17T11:53:34Z</time></trkpt><trkpt lat="-23.1934607495" lon="-46.4937939495"><ele>1053.74</ele><time>2023-12-17T11:53:49Z</time></trkpt><trkpt lat="-23.1935594045" lon="-46.4938843902"><ele>1052.30</ele><time>2023-12-17T11:54:05Z</time></trkpt><trkpt lat="-23.1936459895" lon="-46.4939294849"><ele>1049.42</ele><time>2023-12-17T11:54:19Z</time></trkpt><trkpt lat="-23.1937787589" lon="-46.4940055087"><ele>1047.49</ele><time>2023-12-17T11:54:34Z</time></trkpt><trkpt lat="-23.1938622426" lon="-46.4940624218"><ele>1046.05</ele><time>2023-12-17T11:54:47Z</time></trkpt><trkpt lat="-23.1939711235" lon="-46.4941348415"><ele>1044.13</ele><time>2023-12-17T11:55:03Z</time></trkpt><trkpt lat="-23.1940796692" lon="-46.4942334965"><ele>1042.69</ele><time>2023-12-17T11:55:21Z</time></trkpt><trkpt lat="-23.1941722892" lon="-46.4942836203"><ele>1041.73</ele><time>2023-12-17T11:55:29Z</time></trkpt><trkpt lat="-23.1942378357" lon="-46.4943149686"><ele>1040.76</ele><time>2023-12-17T11:55:35Z</time></trkpt><trkpt lat="-23.1942478102" lon="-46.4944223408"><ele>1038.84</ele><time>2023-12-17T11:55:50Z</time></trkpt><trkpt lat="-23.1941025518" lon="-46.4947289508"><ele>1039.32</ele><time>2023-12-17T11:56:10Z</time></trkpt><trkpt lat="-23.1941635720" lon="-46.4947709441"><ele>1037.88</ele><time>2023-12-17T11:56:26Z</time></trkpt><trkpt lat="-23.1942607183" lon="-46.4948358200"><ele>1035.48</ele><time>2023-12-17T11:56:41Z</time></trkpt><trkpt lat="-23.1944207288" lon="-46.4949382469"><ele>1033.07</ele><time>2023-12-17T11:56:57Z</time></trkpt><trkpt lat="-23.1945128459" lon="-46.4950115886"><ele>1029.71</ele><time>2023-12-17T11:57:09Z</time></trkpt><trkpt lat="-23.1945857685" lon="-46.4950760454"><ele>1027.31</ele><time>2023-12-17T11:57:19Z</time></trkpt><trkpt lat="-23.1945907976" lon="-46.4950934798"><ele>1027.31</ele><time>2023-12-17T11:57:21Z</time></trkpt><trkpt lat="-23.1946199667" lon="-46.4951268397"><ele>1026.34</ele><time>2023-12-17T11:57:25Z</time></trkpt><trkpt lat="-23.1946996786" lon="-46.4952658117"><ele>1022.98</ele><time>2023-12-17T11:57:39Z</time></trkpt><trkpt lat="-23.1947472040" lon="-46.4954425860"><ele>1021.54</ele><time>2023-12-17T11:57:53Z</time></trkpt><trkpt lat="-23.1948246527" lon="-46.4954963140"><ele>1021.06</ele><time>2023-12-17T11:58:08Z</time></trkpt><trkpt lat="-23.1947913766" lon="-46.4955386426"><ele>1021.54</ele><time>2023-12-17T11:58:34Z</time></trkpt><trkpt lat="-23.1947353855" lon="-46.4956403151"><ele>1022.02</ele><time>2023-12-17T11:59:02Z</time></trkpt><trkpt lat="-23.1948262453" lon="-46.4956267364"><ele>1022.02</ele><time>2023-12-17T11:59:25Z</time></trkpt><trkpt lat="-23.1948162708" lon="-46.4956777822"><ele>1022.50</ele><time>2023-12-17T11:59:54Z</time></trkpt><trkpt lat="-23.1948228087" lon="-46.4956603479"><ele>1021.54</ele><time>2023-12-17T12:00:09Z</time></trkpt><trkpt lat="-23.1949518062" lon="-46.4957212005"><ele>1022.02</ele><time>2023-12-17T12:00:24Z</time></trkpt><trkpt lat="-23.1950402353" lon="-46.4958714880"><ele>1022.98</ele><time>2023-12-17T12:00:39Z</time></trkpt><trkpt lat="-23.1951393094" lon="-46.4959672093"><ele>1023.46</ele><time>2023-12-17T12:00:52Z</time></trkpt><trkpt lat="-23.1952807959" lon="-46.4960540459"><ele>1022.50</ele><time>2023-12-17T12:01:05Z</time></trkpt><trkpt lat="-23.1952921115" lon="-46.4960774314"><ele>1022.98</ele><time>2023-12-17T12:01:18Z</time></trkpt><trkpt lat="-23.1953016669" lon="-46.4960475918"><ele>1022.98</ele><time>2023-12-17T12:01:33Z</time></trkpt><trkpt lat="-23.1953142397" lon="-46.4960467536"><ele>1022.98</ele><time>2023-12-17T12:01:55Z</time></trkpt><trkpt lat="-23.1953845639" lon="-46.4960948657"><ele>1021.06</ele><time>2023-12-17T12:02:08Z</time></trkpt><trkpt lat="-23.1954957079" lon="-46.4961779304"><ele>1019.13</ele><time>2023-12-17T12:02:23Z</time></trkpt><trkpt lat="-23.1956016552" lon="-46.4961995557"><ele>1017.21</ele><time>2023-12-17T12:02:38Z</time></trkpt><trkpt lat="-23.1956822891" lon="-46.4962264616"><ele>1015.77</ele><time>2023-12-17T12:02:52Z</time></trkpt><trkpt lat="-23.1957472488" lon="-46.4962615818"><ele>1013.85</ele><time>2023-12-17T12:03:02Z</time></trkpt><trkpt lat="-23.1957677845" lon="-46.4962469973"><ele>1010.48</ele><time>2023-12-17T12:03:15Z</time></trkpt><trkpt lat="-23.1958033238" lon="-46.4962804411"><ele>1007.60</ele><time>2023-12-17T12:03:23Z</time></trkpt><trkpt lat="-23.1958127115" lon="-46.4962963667"><ele>1006.64</ele><time>2023-12-17T12:03:27Z</time></trkpt><trkpt lat="-23.1959289685" lon="-46.4963878971"><ele>1007.60</ele><time>2023-12-17T12:03:39Z</time></trkpt><trkpt lat="-23.1959045772" lon="-46.4964795951"><ele>1006.64</ele><time>2023-12-17T12:03:54Z</time></trkpt><trkpt lat="-23.1958868913" lon="-46.4965283778"><ele>1006.16</ele><time>2023-12-17T12:04:11Z</time></trkpt><trkpt lat="-23.1959386077" lon="-46.4964920841"><ele>1006.64</ele><time>2023-12-17T12:04:29Z</time></trkpt><trkpt lat="-23.1959002186" lon="-46.4965215046"><ele>1007.12</ele><time>2023-12-17T12:04:42Z</time></trkpt><trkpt lat="-23.1959584728" lon="-46.4965352509"><ele>1007.60</ele><time>2023-12-17T12:05:10Z</time></trkpt><trkpt lat="-23.1959413737" lon="-46.4965600614"><ele>1008.56</ele><time>2023-12-17T12:05:43Z</time></trkpt><trkpt lat="-23.1958530284" lon="-46.4965484943"><ele>1009.04</ele><time>2023-12-17T12:06:13Z</time></trkpt><trkpt lat="-23.1958796829" lon="-46.4965599775"><ele>1009.52</ele><time>2023-12-17T12:06:46Z</time></trkpt><trkpt lat="-23.1958529446" lon="-46.4966211654"><ele>1010.48</ele><time>2023-12-17T12:07:16Z</time></trkpt><trkpt lat="-23.1958454847" lon="-46.4966293797"><ele>1010.96</ele><time>2023-12-17T12:07:41Z</time></trkpt><trkpt lat="-23.1958352588" lon="-46.4965764061"><ele>1010.96</ele><time>2023-12-17T12:08:08Z</time></trkpt><trkpt lat="-23.1958853826" lon="-46.4965417050"><ele>1011.44</ele><time>2023-12-17T12:08:40Z</time></trkpt><trkpt lat="-23.1958861370" lon="-46.4965132903"><ele>1011.93</ele><time>2023-12-17T12:09:12Z</time></trkpt><trkpt lat="-23.1958622485" lon="-46.4965592232"><ele>1011.93</ele><time>2023-12-17T12:09:48Z</time></trkpt><trkpt lat="-23.1958914176" lon="-46.4965089317"><ele>1012.89</ele><time>2023-12-17T12:10:19Z</time></trkpt><trkpt lat="-23.1958352588" lon="-46.4965361729"><ele>1013.37</ele><time>2023-12-17T12:10:40Z</time></trkpt><trkpt lat="-23.1959056668" lon="-46.4965238515"><ele>1013.37</ele><time>2023-12-17T12:11:08Z</time></trkpt><trkpt lat="-23.1958598178" lon="-46.4964956883"><ele>1013.85</ele><time>2023-12-17T12:11:39Z</time></trkpt><trkpt lat="-23.1959117856" lon="-46.4964455646"><ele>1014.33</ele><time>2023-12-17T12:12:11Z</time></trkpt><trkpt lat="-23.1959268730" lon="-46.4965214208"><ele>1013.85</ele><time>2023-12-17T12:12:48Z</time></trkpt><trkpt lat="-23.1958797667" lon="-46.4965581335"><ele>1014.81</ele><time>2023-12-17T12:13:21Z</time></trkpt><trkpt lat="-23.1958589796" lon="-46.4965759870"><ele>1014.81</ele><time>2023-12-17T12:13:55Z</time></trkpt><trkpt lat="-23.1959086005" lon="-46.4965124521"><ele>1015.29</ele><time>2023-12-17T12:14:24Z</time></trkpt><trkpt lat="-23.1959381886" lon="-46.4964550361"><ele>1015.29</ele><time>2023-12-17T12:14:58Z</time></trkpt><trkpt lat="-23.1959288847" lon="-46.4965024777"><ele>1015.77</ele><time>2023-12-17T12:15:33Z</time></trkpt><trkpt lat="-23.1959655136" lon="-46.4964992926"><ele>1015.77</ele><time>2023-12-17T12:15:57Z</time></trkpt><trkpt lat="-23.1959963590" lon="-46.4965329040"><ele>1015.77</ele><time>2023-12-17T12:16:19Z</time></trkpt><trkpt lat="-23.1959251966" lon="-46.4965711255"><ele>1016.25</ele><time>2023-12-17T12:16:56Z</time></trkpt><trkpt lat="-23.1960178167" lon="-46.4965831954"><ele>1016.73</ele><time>2023-12-17T12:17:33Z</time></trkpt><trkpt lat="-23.1960552000" lon="-46.4965873025"><ele>1016.73</ele><time>2023-12-17T12:18:09Z</time></trkpt><trkpt lat="-23.1960317306" lon="-46.4965005498"><ele>1016.73</ele><time>2023-12-17T12:18:41Z</time></trkpt><trkpt lat="-23.1958535314" lon="-46.4966266137"><ele>1016.73</ele><time>2023-12-17T12:19:07Z</time></trkpt><trkpt lat="-23.1959361769" lon="-46.4964868035"><ele>1016.73</ele><time>2023-12-17T12:19:41Z</time></trkpt><trkpt lat="-23.1959908269" lon="-46.4966391865"><ele>1017.21</ele><time>2023-12-17T12:20:17Z</time></trkpt><trkpt lat="-23.1959800143" lon="-46.4965872187"><ele>1017.21</ele><time>2023-12-17T12:20:59Z</time></trkpt><trkpt lat="-23.1959289685" lon="-46.4965765737"><ele>1017.69</ele><time>2023-12-17T12:21:37Z</time></trkpt><trkpt lat="-23.1958532799" lon="-46.4965598099"><ele>1017.21</ele><time>2023-12-17T12:22:10Z</time></trkpt><trkpt lat="-23.1958997995" lon="-46.4965055790"><ele>1017.69</ele><time>2023-12-17T12:22:47Z</time></trkpt><trkpt lat="-23.1958966143" lon="-46.4965421241"><ele>1018.65</ele><time>2023-12-17T12:23:18Z</time></trkpt><trkpt lat="-23.1958648469" lon="-46.4965628274"><ele>1018.17</ele><time>2023-12-17T12:23:46Z</time></trkpt><trkpt lat="-23.1957702152" lon="-46.4965058304"><ele>1018.17</ele><time>2023-12-17T12:24:21Z</time></trkpt><trkpt lat="-23.1957742386" lon="-46.4965561219"><ele>1018.65</ele><time>2023-12-17T12:24:49Z</time></trkpt><trkpt lat="-23.1957697961" lon="-46.4965798426"><ele>1019.13</ele><time>2023-12-17T12:25:29Z</time></trkpt><trkpt lat="-23.1958746538" lon="-46.4965852071"><ele>1019.62</ele><time>2023-12-17T12:26:07Z</time></trkpt><trkpt lat="-23.1959316507" lon="-46.4965005498"><ele>1020.10</ele><time>2023-12-17T12:26:41Z</time></trkpt><trkpt lat="-23.1959027331" lon="-46.4965020586"><ele>1019.62</ele><time>2023-12-17T12:27:10Z</time></trkpt><trkpt lat="-23.1958830357" lon="-46.4965551160"><ele>1020.10</ele><time>2023-12-17T12:27:51Z</time></trkpt><trkpt lat="-23.1958856340" lon="-46.4965684433"><ele>1020.10</ele><time>2023-12-17T12:28:14Z</time></trkpt><trkpt lat="-23.1958137173" lon="-46.4965739753"><ele>1020.10</ele><time>2023-12-17T12:28:44Z</time></trkpt><trkpt lat="-23.1957651023" lon="-46.4965658449"><ele>1020.58</ele><time>2023-12-17T12:29:14Z</time></trkpt><trkpt lat="-23.1958235241" lon="-46.4966005459"><ele>1020.10</ele><time>2023-12-17T12:29:47Z</time></trkpt><trkpt lat="-23.1958451495" lon="-46.4966428746"><ele>1019.62</ele><time>2023-12-17T12:30:21Z</time></trkpt><trkpt lat="-23.1959062535" lon="-46.4965873025"><ele>1020.10</ele><time>2023-12-17T12:30:55Z</time></trkpt><trkpt lat="-23.1958608236" lon="-46.4965849556"><ele>1019.62</ele><time>2023-12-17T12:31:23Z</time></trkpt><trkpt lat="-23.1958688702" lon="-46.4965514280"><ele>1019.62</ele><time>2023-12-17T12:31:47Z</time></trkpt><trkpt lat="-23.1959477440" lon="-46.4964992926"><ele>1020.10</ele><time>2023-12-17T12:32:23Z</time></trkpt><trkpt lat="-23.1958549563" lon="-46.4965676889"><ele>1020.10</ele><time>2023-12-17T12:32:57Z</time></trkpt><trkpt lat="-23.1958300620" lon="-46.4965656772"><ele>1020.10</ele><time>2023-12-17T12:33:25Z</time></trkpt><trkpt lat="-23.1958172377" lon="-46.4965446386"><ele>1020.10</ele><time>2023-12-17T12:34:04Z</time></trkpt><trkpt lat="-23.1958627515" lon="-46.4966046531"><ele>1020.10</ele><time>2023-12-17T12:34:33Z</time></trkpt><trkpt lat="-23.1958255358" lon="-46.4966052398"><ele>1020.10</ele><time>2023-12-17T12:34:59Z</time></trkpt><trkpt lat="-23.1958097778" lon="-46.4965275396"><ele>1020.10</ele><time>2023-12-17T12:35:34Z</time></trkpt><trkpt lat="-23.1958880648" lon="-46.4964740630"><ele>1020.10</ele><time>2023-12-17T12:36:04Z</time></trkpt><trkpt lat="-23.1958696246" lon="-46.4965111110"><ele>1020.10</ele><time>2023-12-17T12:36:30Z</time></trkpt><trkpt lat="-23.1958623324" lon="-46.4965269528"><ele>1020.10</ele><time>2023-12-17T12:37:04Z</time></trkpt><trkpt lat="-23.1959086843" lon="-46.4965328202"><ele>1020.58</ele><time>2023-12-17T12:37:32Z</time></trkpt><trkpt lat="-23.1959504262" lon="-46.4965023939"><ele>1020.58</ele><time>2023-12-17T12:38:01Z</time></trkpt><trkpt lat="-23.1958689541" lon="-46.4965189062"><ele>1020.10</ele><time>2023-12-17T12:38:36Z</time></trkpt><trkpt lat="-23.1958724745" lon="-46.4965174813"><ele>1020.10</ele><time>2023-12-17T12:39:04Z</time></trkpt><trkpt lat="-23.1958710495" lon="-46.4965341613"><ele>1020.10</ele><time>2023-12-17T12:39:36Z</time></trkpt><trkpt lat="-23.1959143002" lon="-46.4965340775"><ele>1019.62</ele><time>2023-12-17T12:39:57Z</time></trkpt><trkpt lat="-23.1959579699" lon="-46.4965792559"><ele>1019.13</ele><time>2023-12-17T12:40:09Z</time></trkpt><trkpt lat="-23.1959346682" lon="-46.4965581335"><ele>1019.13</ele><time>2023-12-17T12:40:30Z</time></trkpt><trkpt lat="-23.1958658528" lon="-46.4965103567"><ele>1019.62</ele><time>2023-12-17T12:40:55Z</time></trkpt><trkpt lat="-23.1959115341" lon="-46.4965170622"><ele>1019.62</ele><time>2023-12-17T12:41:23Z</time></trkpt><trkpt lat="-23.1958788447" lon="-46.4965378493"><ele>1019.62</ele><time>2023-12-17T12:41:41Z</time></trkpt><trkpt lat="-23.1958733965" lon="-46.4965990372"><ele>1019.13</ele><time>2023-12-17T12:42:06Z</time></trkpt><trkpt lat="-23.1958349235" lon="-46.4965638332"><ele>1018.65</ele><time>2023-12-17T12:42:29Z</time></trkpt><trkpt lat="-23.1958811078" lon="-46.4965062495"><ele>1020.10</ele><time>2023-12-17T12:42:44Z</time></trkpt><trkpt lat="-23.1959084328" lon="-46.4964934252"><ele>1018.17</ele><time>2023-12-17T12:43:06Z</time></trkpt><trkpt lat="-23.1958957762" lon="-46.4965114463"><ele>1019.13</ele><time>2023-12-17T12:43:24Z</time></trkpt><trkpt lat="-23.1958844606" lon="-46.4964581374"><ele>1018.17</ele><time>2023-12-17T12:43:41Z</time></trkpt><trkpt lat="-23.1958292238" lon="-46.4963226020"><ele>1019.62</ele><time>2023-12-17T12:44:01Z</time></trkpt><trkpt lat="-23.1958340853" lon="-46.4962780941"><ele>1020.10</ele><time>2023-12-17T12:44:19Z</time></trkpt><trkpt lat="-23.1957999710" lon="-46.4963002224"><ele>1022.02</ele><time>2023-12-17T12:44:39Z</time></trkpt><trkpt lat="-23.1957428902" lon="-46.4963036589"><ele>1025.38</ele><time>2023-12-17T12:44:51Z</time></trkpt><trkpt lat="-23.1957195885" lon="-46.4962908346"><ele>1027.31</ele><time>2023-12-17T12:44:57Z</time></trkpt><trkpt lat="-23.1956179161" lon="-46.4962592348"><ele>1028.75</ele><time>2023-12-17T12:45:11Z</time></trkpt><trkpt lat="-23.1955531240" lon="-46.4962513559"><ele>1031.63</ele><time>2023-12-17T12:45:28Z</time></trkpt><trkpt lat="-23.1954465900" lon="-46.4961838815"><ele>1032.11</ele><time>2023-12-17T12:45:44Z</time></trkpt><trkpt lat="-23.1953357812" lon="-46.4961217716"><ele>1033.55</ele><time>2023-12-17T12:45:58Z</time></trkpt><trkpt lat="-23.1952584162" lon="-46.4960678760"><ele>1034.04</ele><time>2023-12-17T12:46:13Z</time></trkpt><trkpt lat="-23.1951741781" lon="-46.4959788602"><ele>1034.04</ele><time>2023-12-17T12:46:27Z</time></trkpt><trkpt lat="-23.1950536463" lon="-46.4958589152"><ele>1033.07</ele><time>2023-12-17T12:46:43Z</time></trkpt><trkpt lat="-23.1949751079" lon="-46.4957717434"><ele>1033.07</ele><time>2023-12-17T12:46:56Z</time></trkpt><trkpt lat="-23.1948441826" lon="-46.4956906904"><ele>1033.07</ele><time>2023-12-17T12:47:12Z</time></trkpt><trkpt lat="-23.1947459467" lon="-46.4956191927"><ele>1033.55</ele><time>2023-12-17T12:47:26Z</time></trkpt><trkpt lat="-23.1947136763" lon="-46.4954927098"><ele>1034.04</ele><time>2023-12-17T12:47:40Z</time></trkpt><trkpt lat="-23.1946964934" lon="-46.4953761175"><ele>1035.96</ele><time>2023-12-17T12:47:53Z</time></trkpt><trkpt lat="-23.1946819928" lon="-46.4952773787"><ele>1037.40</ele><time>2023-12-17T12:48:09Z</time></trkpt><trkpt lat="-23.1946913805" lon="-46.4952567592"><ele>1038.36</ele><time>2023-12-17T12:48:22Z</time></trkpt><trkpt lat="-23.1946639717" lon="-46.4951897040"><ele>1039.80</ele><time>2023-12-17T12:48:34Z</time></trkpt><trkpt lat="-23.1945864391" lon="-46.4950950723"><ele>1042.69</ele><time>2023-12-17T12:48:47Z</time></trkpt><trkpt lat="-23.1944778096" lon="-46.4950027876"><ele>1046.05</ele><time>2023-12-17T12:49:01Z</time></trkpt><trkpt lat="-23.1944692601" lon="-46.4949957468"><ele>1046.05</ele><time>2023-12-17T12:49:02Z</time></trkpt><trkpt lat="-23.1944043841" lon="-46.4949477185"><ele>1047.01</ele><time>2023-12-17T12:49:09Z</time></trkpt><trkpt lat="-23.1943162903" lon="-46.4948758017"><ele>1048.94</ele><time>2023-12-17T12:49:25Z</time></trkpt><trkpt lat="-23.1943625584" lon="-46.4948435314"><ele>1048.94</ele><time>2023-12-17T12:49:43Z</time></trkpt><trkpt lat="-23.1942645740" lon="-46.4948200621"><ele>1050.86</ele><time>2023-12-17T12:49:57Z</time></trkpt><trkpt lat="-23.1941039767" lon="-46.4947448764"><ele>1052.78</ele><time>2023-12-17T12:50:13Z</time></trkpt><trkpt lat="-23.1939909887" lon="-46.4946939982"><ele>1054.22</ele><time>2023-12-17T12:50:26Z</time></trkpt><trkpt lat="-23.1939068343" lon="-46.4946457185"><ele>1056.15</ele><time>2023-12-17T12:50:39Z</time></trkpt><trkpt lat="-23.1937808543" lon="-46.4946054015"><ele>1059.03</ele><time>2023-12-17T12:50:54Z</time></trkpt><trkpt lat="-23.1936277170" lon="-46.4945147093"><ele>1061.91</ele><time>2023-12-17T12:51:10Z</time></trkpt><trkpt lat="-23.1935059279" lon="-46.4944175631"><ele>1064.80</ele><time>2023-12-17T12:51:24Z</time></trkpt><trkpt lat="-23.1933855638" lon="-46.4943327382"><ele>1068.64</ele><time>2023-12-17T12:51:42Z</time></trkpt><trkpt lat="-23.1932796165" lon="-46.4942417108"><ele>1071.53</ele><time>2023-12-17T12:51:58Z</time></trkpt><trkpt lat="-23.1932374556" lon="-46.4941991307"><ele>1072.49</ele><time>2023-12-17T12:52:04Z</time></trkpt><trkpt lat="-23.1931202766" lon="-46.4940716419"><ele>1074.41</ele><time>2023-12-17T12:52:18Z</time></trkpt><trkpt lat="-23.1930273212" lon="-46.4939709753"><ele>1077.78</ele><time>2023-12-17T12:52:31Z</time></trkpt><trkpt lat="-23.1929538958" lon="-46.4938822947"><ele>1079.70</ele><time>2023-12-17T12:52:43Z</time></trkpt><trkpt lat="-23.1928865891" lon="-46.4937346894"><ele>1082.58</ele><time>2023-12-17T12:52:59Z</time></trkpt><trkpt lat="-23.1928209588" lon="-46.4935699012"><ele>1084.02</ele><time>2023-12-17T12:53:13Z</time></trkpt><trkpt lat="-23.1928106491" lon="-46.4935242198"><ele>1084.02</ele><time>2023-12-17T12:53:16Z</time></trkpt><trkpt lat="-23.1927710865" lon="-46.4934180211"><ele>1084.50</ele><time>2023-12-17T12:53:32Z</time></trkpt><trkpt lat="-23.1928199530" lon="-46.4933943842"><ele>1083.06</ele><time>2023-12-17T12:53:47Z</time></trkpt><trkpt lat="-23.1928283349" lon="-46.4933772851"><ele>1083.06</ele><time>2023-12-17T12:54:11Z</time></trkpt><trkpt lat="-23.1928394828" lon="-46.4934264868"><ele>1083.06</ele><time>2023-12-17T12:54:34Z</time></trkpt><trkpt lat="-23.1928069610" lon="-46.4934100583"><ele>1083.06</ele><time>2023-12-17T12:54:54Z</time></trkpt><trkpt lat="-23.1927966513" lon="-46.4934091363"><ele>1083.54</ele><time>2023-12-17T12:54:55Z</time></trkpt><trkpt lat="-23.1927383132" lon="-46.4933774527"><ele>1084.50</ele><time>2023-12-17T12:55:01Z</time></trkpt><trkpt lat="-23.1927294284" lon="-46.4932243992"><ele>1086.43</ele><time>2023-12-17T12:55:15Z</time></trkpt><trkpt lat="-23.1927289255" lon="-46.4931011014"><ele>1087.39</ele><time>2023-12-17T12:55:25Z</time></trkpt><trkpt lat="-23.1927031931" lon="-46.4930393267"><ele>1088.35</ele><time>2023-12-17T12:55:29Z</time></trkpt><trkpt lat="-23.1925950665" lon="-46.4928731974"><ele>1089.31</ele><time>2023-12-17T12:55:45Z</time></trkpt><trkpt lat="-23.1925192103" lon="-46.4926958364"><ele>1089.31</ele><time>2023-12-17T12:56:02Z</time></trkpt><trkpt lat="-23.1924414262" lon="-46.4925681800"><ele>1088.83</ele><time>2023-12-17T12:56:12Z</time></trkpt><trkpt lat="-23.1922525819" lon="-46.4924404398"><ele>1088.83</ele><time>2023-12-17T12:56:28Z</time></trkpt><trkpt lat="-23.1920534279" lon="-46.4923642483"><ele>1088.83</ele><time>2023-12-17T12:56:45Z</time></trkpt><trkpt lat="-23.1920085847" lon="-46.4923439641"><ele>1088.83</ele><time>2023-12-17T12:56:57Z</time></trkpt><trkpt lat="-23.1919962633" lon="-46.4923285414"><ele>1088.83</ele><time>2023-12-17T12:57:02Z</time></trkpt><trkpt lat="-23.1919897255" lon="-46.4922987856"><ele>1088.35</ele><time>2023-12-17T12:57:06Z</time></trkpt><trkpt lat="-23.1919792481" lon="-46.4922614861"><ele>1087.87</ele><time>2023-12-17T12:57:10Z</time></trkpt><trkpt lat="-23.1919670105" lon="-46.4920962788"><ele>1086.91</ele><time>2023-12-17T12:57:27Z</time></trkpt><trkpt lat="-23.1919464748" lon="-46.4919353463"><ele>1084.99</ele><time>2023-12-17T12:57:42Z</time></trkpt><trkpt lat="-23.1918924954" lon="-46.4917124715"><ele>1081.62</ele><time>2023-12-17T12:57:59Z</time></trkpt><trkpt lat="-23.1918485742" lon="-46.4915970527"><ele>1080.18</ele><time>2023-12-17T12:58:09Z</time></trkpt><trkpt lat="-23.1917840336" lon="-46.4914723299"><ele>1078.26</ele><time>2023-12-17T12:58:24Z</time></trkpt><trkpt lat="-23.1917083450" lon="-46.4912520535"><ele>1075.85</ele><time>2023-12-17T12:58:41Z</time></trkpt><trkpt lat="-23.1916456483" lon="-46.4910812303"><ele>1074.41</ele><time>2023-12-17T12:58:56Z</time></trkpt><trkpt lat="-23.1915942673" lon="-46.4909244049"><ele>1072.97</ele><time>2023-12-17T12:59:10Z</time></trkpt><trkpt lat="-23.1915983744" lon="-46.4908654802"><ele>1073.45</ele><time>2023-12-17T12:59:15Z</time></trkpt><trkpt lat="-23.1915093586" lon="-46.4906717744"><ele>1072.97</ele><time>2023-12-17T12:59:33Z</time></trkpt><trkpt lat="-23.1914353464" lon="-46.4905530866"><ele>1071.53</ele><time>2023-12-17T12:59:48Z</time></trkpt><trkpt lat="-23.1913962029" lon="-46.4904880431"><ele>1071.05</ele><time>2023-12-17T12:59:58Z</time></trkpt><trkpt lat="-23.1913814507" lon="-46.4904502407"><ele>1070.57</ele><time>2023-12-17T13:00:12Z</time></trkpt><trkpt lat="-23.1913627591" lon="-46.4904118516"><ele>1070.57</ele><time>2023-12-17T13:00:17Z</time></trkpt><trkpt lat="-23.1913438998" lon="-46.4903743006"><ele>1069.60</ele><time>2023-12-17T13:00:21Z</time></trkpt><trkpt lat="-23.1913484260" lon="-46.4901826903"><ele>1066.24</ele><time>2023-12-17T13:00:36Z</time></trkpt><trkpt lat="-23.1913492642" lon="-46.4901686925"><ele>1065.76</ele><time>2023-12-17T13:00:37Z</time></trkpt><trkpt lat="-23.1913819537" lon="-46.4899769146"><ele>1062.87</ele><time>2023-12-17T13:00:51Z</time></trkpt><trkpt lat="-23.1914050877" lon="-46.4899337478"><ele>1062.39</ele><time>2023-12-17T13:00:55Z</time></trkpt><trkpt lat="-23.1914181635" lon="-46.4899106976"><ele>1061.43</ele><time>2023-12-17T13:00:57Z</time></trkpt><trkpt lat="-23.1914946903" lon="-46.4898148086"><ele>1059.03</ele><time>2023-12-17T13:01:05Z</time></trkpt><trkpt lat="-23.1915206742" lon="-46.4897731505"><ele>1057.11</ele><time>2023-12-17T13:01:08Z</time></trkpt><trkpt lat="-23.1915460713" lon="-46.4895954542"><ele>1053.74</ele><time>2023-12-17T13:01:18Z</time></trkpt><trkpt lat="-23.1915042456" lon="-46.4893998206"><ele>1051.34</ele><time>2023-12-17T13:01:32Z</time></trkpt><trkpt lat="-23.1914340891" lon="-46.4892079588"><ele>1048.94</ele><time>2023-12-17T13:01:49Z</time></trkpt><trkpt lat="-23.1914205104" lon="-46.4891872555"><ele>1047.97</ele><time>2023-12-17T13:01:51Z</time></trkpt><trkpt lat="-23.1913330033" lon="-46.4889723435"><ele>1045.09</ele><time>2023-12-17T13:02:09Z</time></trkpt><trkpt lat="-23.1912213564" lon="-46.4888551645"><ele>1042.69</ele><time>2023-12-17T13:02:21Z</time></trkpt><trkpt lat="-23.1912071910" lon="-46.4888382331"><ele>1042.21</ele><time>2023-12-17T13:02:23Z</time></trkpt><trkpt lat="-23.1911655329" lon="-46.4888025261"><ele>1040.76</ele><time>2023-12-17T13:02:28Z</time></trkpt><trkpt lat="-23.1911341008" lon="-46.4887852594"><ele>1039.32</ele><time>2023-12-17T13:02:31Z</time></trkpt><trkpt lat="-23.1910330150" lon="-46.4887067210"><ele>1035.96</ele><time>2023-12-17T13:02:40Z</time></trkpt><trkpt lat="-23.1909264810" lon="-46.4886071440"><ele>1033.07</ele><time>2023-12-17T13:02:51Z</time></trkpt><trkpt lat="-23.1908807997" lon="-46.4884965029"><ele>1031.15</ele><time>2023-12-17T13:03:00Z</time></trkpt><trkpt lat="-23.1908881757" lon="-46.4884364046"><ele>1030.19</ele><time>2023-12-17T13:03:05Z</time></trkpt><trkpt lat="-23.1908930372" lon="-46.4884105884"><ele>1030.19</ele><time>2023-12-17T13:03:07Z</time></trkpt><trkpt lat="-23.1909712404" lon="-46.4882978518"><ele>1029.71</ele><time>2023-12-17T13:03:21Z</time></trkpt><trkpt lat="-23.1911188457" lon="-46.4881379250"><ele>1028.75</ele><time>2023-12-17T13:03:36Z</time></trkpt><trkpt lat="-23.1910724100" lon="-46.4879443869"><ele>1026.34</ele><time>2023-12-17T13:03:49Z</time></trkpt><trkpt lat="-23.1910667941" lon="-46.4879039023"><ele>1025.86</ele><time>2023-12-17T13:03:53Z</time></trkpt><trkpt lat="-23.1910422351" lon="-46.4877388626"><ele>1023.94</ele><time>2023-12-17T13:04:08Z</time></trkpt><trkpt lat="-23.1909771077" lon="-46.4875779301"><ele>1020.58</ele><time>2023-12-17T13:04:23Z</time></trkpt><trkpt lat="-23.1908892654" lon="-46.4874902554"><ele>1018.17</ele><time>2023-12-17T13:04:35Z</time></trkpt><trkpt lat="-23.1907992437" lon="-46.4874587394"><ele>1014.81</ele><time>2023-12-17T13:04:49Z</time></trkpt><trkpt lat="-23.1907370500" lon="-46.4874344319"><ele>1013.85</ele><time>2023-12-17T13:04:56Z</time></trkpt><trkpt lat="-23.1905978266" lon="-46.4873511158"><ele>1010.48</ele><time>2023-12-17T13:05:11Z</time></trkpt><trkpt lat="-23.1904514786" lon="-46.4873352740"><ele>1007.12</ele><time>2023-12-17T13:05:24Z</time></trkpt><trkpt lat="-23.1902821641" lon="-46.4872867428"><ele>1004.72</ele><time>2023-12-17T13:05:38Z</time></trkpt><trkpt lat="-23.1901386660" lon="-46.4872774389"><ele>1001.83</ele><time>2023-12-17T13:05:52Z</time></trkpt><trkpt lat="-23.1900389213" lon="-46.4872831386"><ele>1000.39</ele><time>2023-12-17T13:06:00Z</time></trkpt><trkpt lat="-23.1898714509" lon="-46.4872961305"><ele>996.06</ele><time>2023-12-17T13:06:11Z</time></trkpt><trkpt lat="-23.1898529269" lon="-46.4873043448"><ele>995.58</ele><time>2023-12-17T13:06:13Z</time></trkpt><trkpt lat="-23.1898147892" lon="-46.4873121399"><ele>993.66</ele><time>2023-12-17T13:06:16Z</time></trkpt><trkpt lat="-23.1897669286" lon="-46.4873211086"><ele>992.22</ele><time>2023-12-17T13:06:20Z</time></trkpt><trkpt lat="-23.1896516774" lon="-46.4873729926"><ele>988.85</ele><time>2023-12-17T13:06:29Z</time></trkpt><trkpt lat="-23.1896318961" lon="-46.4873775188"><ele>988.85</ele><time>2023-12-17T13:06:31Z</time></trkpt><trkpt lat="-23.1895999610" lon="-46.4873807877"><ele>987.89</ele><time>2023-12-17T13:06:34Z</time></trkpt><trkpt lat="-23.1895499211" lon="-46.4874164946"><ele>986.45</ele><time>2023-12-17T13:06:38Z</time></trkpt><trkpt lat="-23.1894334126" lon="-46.4874256309"><ele>983.09</ele><time>2023-12-17T13:06:47Z</time></trkpt><trkpt lat="-23.1893073488" lon="-46.4874093700"><ele>979.72</ele><time>2023-12-17T13:06:57Z</time></trkpt><trkpt lat="-23.1892945245" lon="-46.4874107949"><ele>979.72</ele><time>2023-12-17T13:06:58Z</time></trkpt><trkpt lat="-23.1892728154" lon="-46.4874043409"><ele>978.76</ele><time>2023-12-17T13:07:00Z</time></trkpt><trkpt lat="-23.1891556364" lon="-46.4873660356"><ele>975.88</ele><time>2023-12-17T13:07:07Z</time></trkpt><trkpt lat="-23.1891040877" lon="-46.4873579051"><ele>973.95</ele><time>2023-12-17T13:07:11Z</time></trkpt><trkpt lat="-23.1890933588" lon="-46.4873571508"><ele>973.95</ele><time>2023-12-17T13:07:12Z</time></trkpt><trkpt lat="-23.1889809575" lon="-46.4873397164"><ele>970.59</ele><time>2023-12-17T13:07:21Z</time></trkpt><trkpt lat="-23.1888473500" lon="-46.4873080328"><ele>966.74</ele><time>2023-12-17T13:07:33Z</time></trkpt><trkpt lat="-23.1887450907" lon="-46.4872954600"><ele>964.34</ele><time>2023-12-17T13:07:40Z</time></trkpt><trkpt lat="-23.1886742637" lon="-46.4873333462"><ele>961.46</ele><time>2023-12-17T13:07:46Z</time></trkpt><trkpt lat="-23.1886338629" lon="-46.4873711485"><ele>960.49</ele><time>2023-12-17T13:07:50Z</time></trkpt><trkpt lat="-23.1885782909" lon="-46.4874087833"><ele>958.09</ele><time>2023-12-17T13:07:55Z</time></trkpt><trkpt lat="-23.1883975770" lon="-46.4874720667"><ele>955.21</ele><time>2023-12-17T13:08:08Z</time></trkpt><trkpt lat="-23.1882146839" lon="-46.4874904230"><ele>952.32</ele><time>2023-12-17T13:08:22Z</time></trkpt><trkpt lat="-23.1881063059" lon="-46.4874939434"><ele>948.96</ele><time>2023-12-17T13:08:32Z</time></trkpt><trkpt lat="-23.1879506540" lon="-46.4874223620"><ele>946.07</ele><time>2023-12-17T13:08:44Z</time></trkpt><trkpt lat="-23.1878613029" lon="-46.4873291552"><ele>943.19</ele><time>2023-12-17T13:08:54Z</time></trkpt><trkpt lat="-23.1878406834" lon="-46.4873185940"><ele>942.71</ele><time>2023-12-17T13:08:55Z</time></trkpt><trkpt lat="-23.1877709460" lon="-46.4872547239"><ele>941.75</ele><time>2023-12-17T13:09:03Z</time></trkpt><trkpt lat="-23.1877820101" lon="-46.4872344397"><ele>940.79</ele><time>2023-12-17T13:09:06Z</time></trkpt><trkpt lat="-23.1877983548" lon="-46.4872212801"><ele>940.31</ele><time>2023-12-17T13:09:08Z</time></trkpt><trkpt lat="-23.1878109276" lon="-46.4869923703"><ele>938.38</ele><time>2023-12-17T13:09:25Z</time></trkpt><trkpt lat="-23.1877896376" lon="-46.4867805596"><ele>936.46</ele><time>2023-12-17T13:09:39Z</time></trkpt><trkpt lat="-23.1877808366" lon="-46.4866260812"><ele>933.10</ele><time>2023-12-17T13:09:52Z</time></trkpt><trkpt lat="-23.1877793279" lon="-46.4864922222"><ele>929.73</ele><time>2023-12-17T13:10:04Z</time></trkpt><trkpt lat="-23.1877774838" lon="-46.4863259252"><ele>926.85</ele><time>2023-12-17T13:10:18Z</time></trkpt><trkpt lat="-23.1878088322" lon="-46.4862162899"><ele>923.48</ele><time>2023-12-17T13:10:31Z</time></trkpt><trkpt lat="-23.1878183037" lon="-46.4860381745"><ele>922.04</ele><time>2023-12-17T13:10:45Z</time></trkpt><trkpt lat="-23.1878073234" lon="-46.4859552775"><ele>922.04</ele><time>2023-12-17T13:10:59Z</time></trkpt><trkpt lat="-23.1877366640" lon="-46.4859729633"><ele>921.08</ele><time>2023-12-17T13:11:13Z</time></trkpt><trkpt lat="-23.1875892263" lon="-46.4860172197"><ele>920.60</ele><time>2023-12-17T13:11:28Z</time></trkpt><trkpt lat="-23.1874769088" lon="-46.4861092530"><ele>918.20</ele><time>2023-12-17T13:11:43Z</time></trkpt><trkpt lat="-23.1873692852" lon="-46.4861807507"><ele>916.75</ele><time>2023-12-17T13:11:58Z</time></trkpt><trkpt lat="-23.1872400362" lon="-46.4862061478"><ele>915.31</ele><time>2023-12-17T13:12:12Z</time></trkpt><trkpt lat="-23.1871309876" lon="-46.4863625541"><ele>914.35</ele><time>2023-12-17T13:12:27Z</time></trkpt><trkpt lat="-23.1870548800" lon="-46.4864444453"><ele>913.39</ele><time>2023-12-17T13:12:40Z</time></trkpt><trkpt lat="-23.1869992241" lon="-46.4865752030"><ele>913.87</ele><time>2023-12-17T13:12:53Z</time></trkpt><trkpt lat="-23.1869811192" lon="-46.4865955710"><ele>912.91</ele><time>2023-12-17T13:12:57Z</time></trkpt><trkpt lat="-23.1869656965" lon="-46.4866349660"><ele>911.95</ele><time>2023-12-17T13:13:01Z</time></trkpt><trkpt lat="-23.1868690532" lon="-46.4867632929"><ele>911.47</ele><time>2023-12-17T13:13:17Z</time></trkpt><trkpt lat="-23.1868595816" lon="-46.4867663942"><ele>911.47</ele><time>2023-12-17T13:13:18Z</time></trkpt><trkpt lat="-23.1867742538" lon="-46.4867678192"><ele>910.51</ele><time>2023-12-17T13:13:33Z</time></trkpt><trkpt lat="-23.1867591664" lon="-46.4867979940"><ele>910.03</ele><time>2023-12-17T13:13:45Z</time></trkpt><trkpt lat="-23.1867346074" lon="-46.4868197031"><ele>909.06</ele><time>2023-12-17T13:13:49Z</time></trkpt><trkpt lat="-23.1866647862" lon="-46.4869242255"><ele>907.14</ele><time>2023-12-17T13:14:03Z</time></trkpt><trkpt lat="-23.1866483577" lon="-46.4869341161"><ele>906.66</ele><time>2023-12-17T13:14:05Z</time></trkpt><trkpt lat="-23.1865576655" lon="-46.4869968966"><ele>904.26</ele><time>2023-12-17T13:14:20Z</time></trkpt><trkpt lat="-23.1864589266" lon="-46.4870241378"><ele>903.30</ele><time>2023-12-17T13:14:37Z</time></trkpt><trkpt lat="-23.1865020934" lon="-46.4870303404"><ele>903.30</ele><time>2023-12-17T13:14:52Z</time></trkpt><trkpt lat="-23.1865590904" lon="-46.4870237187"><ele>904.26</ele><time>2023-12-17T13:15:06Z</time></trkpt><trkpt lat="-23.1865549833" lon="-46.4870201144"><ele>903.30</ele><time>2023-12-17T13:15:23Z</time></trkpt><trkpt lat="-23.1865591742" lon="-46.4869918674"><ele>903.78</ele><time>2023-12-17T13:15:31Z</time></trkpt><trkpt lat="-23.1866600085" lon="-46.4869219624"><ele>906.18</ele><time>2023-12-17T13:15:45Z</time></trkpt><trkpt lat="-23.1867157482" lon="-46.4868560806"><ele>906.66</ele><time>2023-12-17T13:15:57Z</time></trkpt><trkpt lat="-23.1867903471" lon="-46.4868240617"><ele>908.58</ele><time>2023-12-17T13:16:08Z</time></trkpt><trkpt lat="-23.1868597493" lon="-46.4868001733"><ele>909.06</ele><time>2023-12-17T13:16:21Z</time></trkpt><trkpt lat="-23.1869330909" lon="-46.4867570065"><ele>908.58</ele><time>2023-12-17T13:16:34Z</time></trkpt><trkpt lat="-23.1870055944" lon="-46.4867121633"><ele>910.51</ele><time>2023-12-17T13:16:48Z</time></trkpt><trkpt lat="-23.1870143116" lon="-46.4867036138"><ele>910.99</ele><time>2023-12-17T13:17:07Z</time></trkpt><trkpt lat="-23.1870197598" lon="-46.4867310226"><ele>909.54</ele><time>2023-12-17T13:17:21Z</time></trkpt><trkpt lat="-23.1870298181" lon="-46.4867357165"><ele>909.54</ele><time>2023-12-17T13:17:26Z</time></trkpt><trkpt lat="-23.1871017348" lon="-46.4867332857"><ele>910.99</ele><time>2023-12-17T13:17:38Z</time></trkpt><trkpt lat="-23.1871394534" lon="-46.4867585991"><ele>910.99</ele><time>2023-12-17T13:17:52Z</time></trkpt><trkpt lat="-23.1871914212" lon="-46.4867357165"><ele>913.39</ele><time>2023-12-17T13:18:04Z</time></trkpt><trkpt lat="-23.1872378569" lon="-46.4867682382"><ele>914.83</ele><time>2023-12-17T13:18:16Z</time></trkpt><trkpt lat="-23.1872567162" lon="-46.4867708366"><ele>914.35</ele><time>2023-12-17T13:18:34Z</time></trkpt><trkpt lat="-23.1872392818" lon="-46.4867596049"><ele>913.39</ele><time>2023-12-17T13:18:52Z</time></trkpt><trkpt lat="-23.1871854700" lon="-46.4867655560"><ele>911.47</ele><time>2023-12-17T13:19:05Z</time></trkpt><trkpt lat="-23.1871099491" lon="-46.4867442660"><ele>909.54</ele><time>2023-12-17T13:19:14Z</time></trkpt><trkpt lat="-23.1870285608" lon="-46.4867330343"><ele>907.62</ele><time>2023-12-17T13:19:22Z</time></trkpt><trkpt lat="-23.1869861484" lon="-46.4867044520"><ele>907.14</ele><time>2023-12-17T13:19:26Z</time></trkpt><trkpt lat="-23.1869637687" lon="-46.4866735227"><ele>906.66</ele><time>2023-12-17T13:19:29Z</time></trkpt><trkpt lat="-23.1869683787" lon="-46.4865464531"><ele>907.62</ele><time>2023-12-17T13:19:41Z</time></trkpt><trkpt lat="-23.1869874895" lon="-46.4864923898"><ele>906.66</ele><time>2023-12-17T13:19:55Z</time></trkpt><trkpt lat="-23.1870125514" lon="-46.4864695072"><ele>906.18</ele><time>2023-12-17T13:20:08Z</time></trkpt><trkpt lat="-23.1870333385" lon="-46.4864671603"><ele>905.22</ele><time>2023-12-17T13:20:30Z</time></trkpt><trkpt lat="-23.1870037504" lon="-46.4864669088"><ele>903.78</ele><time>2023-12-17T13:20:43Z</time></trkpt><trkpt lat="-23.1870013196" lon="-46.4864589460"><ele>903.30</ele><time>2023-12-17T13:21:08Z</time></trkpt><trkpt lat="-23.1870055106" lon="-46.4864553418"><ele>903.78</ele><time>2023-12-17T13:21:28Z</time></trkpt><trkpt lat="-23.1870324165" lon="-46.4864346385"><ele>904.74</ele><time>2023-12-17T13:21:39Z</time></trkpt><trkpt lat="-23.1871169899" lon="-46.4863866102"><ele>908.10</ele><time>2023-12-17T13:21:53Z</time></trkpt><trkpt lat="-23.1871283054" lon="-46.4863162022"><ele>908.10</ele><time>2023-12-17T13:22:07Z</time></trkpt><trkpt lat="-23.1871359330" lon="-46.4862795733"><ele>908.58</ele><time>2023-12-17T13:22:25Z</time></trkpt><trkpt lat="-23.1871318258" lon="-46.4862724487"><ele>908.10</ele><time>2023-12-17T13:22:27Z</time></trkpt><trkpt lat="-23.1871621683" lon="-46.4862578642"><ele>908.58</ele><time>2023-12-17T13:22:33Z</time></trkpt><trkpt lat="-23.1872210093" lon="-46.4862567745"><ele>910.03</ele><time>2023-12-17T13:22:41Z</time></trkpt><trkpt lat="-23.1872754917" lon="-46.4862371609"><ele>910.03</ele><time>2023-12-17T13:22:50Z</time></trkpt><trkpt lat="-23.1873143837" lon="-46.4862214867"><ele>910.03</ele><time>2023-12-17T13:23:01Z</time></trkpt><trkpt lat="-23.1873052474" lon="-46.4861749671"><ele>910.99</ele><time>2023-12-17T13:23:14Z</time></trkpt><trkpt lat="-23.1872674450" lon="-46.4860832691"><ele>910.51</ele><time>2023-12-17T13:23:26Z</time></trkpt><trkpt lat="-23.1872259546" lon="-46.4860224165"><ele>910.99</ele><time>2023-12-17T13:23:37Z</time></trkpt><trkpt lat="-23.1871902477" lon="-46.4860173035"><ele>911.47</ele><time>2023-12-17T13:23:42Z</time></trkpt><trkpt lat="-23.1869887467" lon="-46.4860877953"><ele>910.99</ele><time>2023-12-17T13:24:01Z</time></trkpt><trkpt lat="-23.1868172530" lon="-46.4861094207"><ele>910.03</ele><time>2023-12-17T13:24:15Z</time></trkpt><trkpt lat="-23.1867610943" lon="-46.4861091692"><ele>909.54</ele><time>2023-12-17T13:24:20Z</time></trkpt><trkpt lat="-23.1866491120" lon="-46.4860995300"><ele>908.58</ele><time>2023-12-17T13:24:28Z</time></trkpt><trkpt lat="-23.1864147540" lon="-46.4860717859"><ele>907.14</ele><time>2023-12-17T13:24:47Z</time></trkpt><trkpt lat="-23.1863190327" lon="-46.4860333130"><ele>906.18</ele><time>2023-12-17T13:24:59Z</time></trkpt><trkpt lat="-23.1861458626" lon="-46.4859611448"><ele>905.22</ele><time>2023-12-17T13:25:16Z</time></trkpt><trkpt lat="-23.1860133447" lon="-46.4859492425"><ele>904.74</ele><time>2023-12-17T13:25:32Z</time></trkpt><trkpt lat="-23.1859245803" lon="-46.4859377593"><ele>904.74</ele><time>2023-12-17T13:25:46Z</time></trkpt><trkpt lat="-23.1859115884" lon="-46.4859145414"><ele>904.26</ele><time>2023-12-17T13:25:56Z</time></trkpt><trkpt lat="-23.1859540008" lon="-46.4858982805"><ele>904.26</ele><time>2023-12-17T13:26:02Z</time></trkpt><trkpt lat="-23.1861432642" lon="-46.4859338198"><ele>905.22</ele><time>2023-12-17T13:26:21Z</time></trkpt><trkpt lat="-23.1863557454" lon="-46.4859981928"><ele>905.70</ele><time>2023-12-17T13:26:39Z</time></trkpt><trkpt lat="-23.1866305880" lon="-46.4860639907"><ele>907.14</ele><time>2023-12-17T13:27:02Z</time></trkpt><trkpt lat="-23.1866507046" lon="-46.4860657509"><ele>907.14</ele><time>2023-12-17T13:27:04Z</time></trkpt><trkpt lat="-23.1868086196" lon="-46.4860741328"><ele>908.58</ele><time>2023-12-17T13:27:18Z</time></trkpt><trkpt lat="-23.1868693884" lon="-46.4860940818"><ele>908.10</ele><time>2023-12-17T13:27:24Z</time></trkpt><trkpt lat="-23.1870574784" lon="-46.4860496577"><ele>908.58</ele><time>2023-12-17T13:27:41Z</time></trkpt><trkpt lat="-23.1871304847" lon="-46.4860175550"><ele>908.10</ele><time>2023-12-17T13:27:48Z</time></trkpt><trkpt lat="-23.1871679518" lon="-46.4860075805"><ele>909.06</ele><time>2023-12-17T13:27:52Z</time></trkpt><trkpt lat="-23.1872953568" lon="-46.4859170560"><ele>909.06</ele><time>2023-12-17T13:28:06Z</time></trkpt><trkpt lat="-23.1873378530" lon="-46.4858886413"><ele>909.06</ele><time>2023-12-17T13:28:10Z</time></trkpt><trkpt lat="-23.1874506734" lon="-46.4858495817"><ele>909.54</ele><time>2023-12-17T13:28:20Z</time></trkpt><trkpt lat="-23.1875057425" lon="-46.4858302195"><ele>909.54</ele><time>2023-12-17T13:28:26Z</time></trkpt><trkpt lat="-23.1876586284" lon="-46.4857363421"><ele>909.06</ele><time>2023-12-17T13:28:42Z</time></trkpt><trkpt lat="-23.1877058186" lon="-46.4856946841"><ele>908.58</ele><time>2023-12-17T13:28:58Z</time></trkpt><trkpt lat="-23.1877700239" lon="-46.4856765792"><ele>908.10</ele><time>2023-12-17T13:29:05Z</time></trkpt><trkpt lat="-23.1879188865" lon="-46.4856369328"><ele>908.10</ele><time>2023-12-17T13:29:21Z</time></trkpt><trkpt lat="-23.1879894622" lon="-46.4856324904"><ele>908.58</ele><time>2023-12-17T13:29:29Z</time></trkpt><trkpt lat="-23.1881118380" lon="-46.4856431354"><ele>909.54</ele><time>2023-12-17T13:29:39Z</time></trkpt><trkpt lat="-23.1881322060" lon="-46.4856956899"><ele>910.03</ele><time>2023-12-17T13:29:44Z</time></trkpt><trkpt lat="-23.1880731974" lon="-46.4857860468"><ele>910.51</ele><time>2023-12-17T13:30:00Z</time></trkpt><trkpt lat="-23.1880784780" lon="-46.4857944287"><ele>910.99</ele><time>2023-12-17T13:30:07Z</time></trkpt><trkpt lat="-23.1880670786" lon="-46.4858110249"><ele>910.99</ele><time>2023-12-17T13:30:09Z</time></trkpt><trkpt lat="-23.1879510731" lon="-46.4858845342"><ele>911.47</ele><time>2023-12-17T13:30:23Z</time></trkpt><trkpt lat="-23.1879337225" lon="-46.4858985320"><ele>911.95</ele><time>2023-12-17T13:30:25Z</time></trkpt><trkpt lat="-23.1878301222" lon="-46.4859591331"><ele>911.95</ele><time>2023-12-17T13:30:42Z</time></trkpt><trkpt lat="-23.1877233367" lon="-46.4860324748"><ele>911.47</ele><time>2023-12-17T13:30:56Z</time></trkpt><trkpt lat="-23.1875646673" lon="-46.4861089177"><ele>910.51</ele><time>2023-12-17T13:31:13Z</time></trkpt><trkpt lat="-23.1874554511" lon="-46.4861754701"><ele>907.62</ele><time>2023-12-17T13:31:28Z</time></trkpt><trkpt lat="-23.1874127872" lon="-46.4861998614"><ele>908.58</ele><time>2023-12-17T13:31:47Z</time></trkpt><trkpt lat="-23.1873966102" lon="-46.4862390049"><ele>908.58</ele><time>2023-12-17T13:32:04Z</time></trkpt><trkpt lat="-23.1874042377" lon="-46.4862466324"><ele>908.10</ele><time>2023-12-17T13:32:26Z</time></trkpt><trkpt lat="-23.1874079257" lon="-46.4862541761"><ele>908.10</ele><time>2023-12-17T13:32:51Z</time></trkpt><trkpt lat="-23.1874057464" lon="-46.4862650726"><ele>908.10</ele><time>2023-12-17T13:33:21Z</time></trkpt><trkpt lat="-23.1873952691" lon="-46.4862616360"><ele>907.62</ele><time>2023-12-17T13:33:43Z</time></trkpt><trkpt lat="-23.1873390265" lon="-46.4862136915"><ele>907.14</ele><time>2023-12-17T13:33:54Z</time></trkpt><trkpt lat="-23.1873450615" lon="-46.4862253424"><ele>907.14</ele><time>2023-12-17T13:34:07Z</time></trkpt><trkpt lat="-23.1873716321" lon="-46.4862623904"><ele>908.10</ele><time>2023-12-17T13:34:20Z</time></trkpt><trkpt lat="-23.1873380207" lon="-46.4862748794"><ele>907.62</ele><time>2023-12-17T13:34:34Z</time></trkpt><trkpt lat="-23.1873336621" lon="-46.4862799086"><ele>907.14</ele><time>2023-12-17T13:34:43Z</time></trkpt><trkpt lat="-23.1872322410" lon="-46.4863351453"><ele>904.74</ele><time>2023-12-17T13:35:00Z</time></trkpt><trkpt lat="-23.1871541217" lon="-46.4864396676"><ele>905.22</ele><time>2023-12-17T13:35:15Z</time></trkpt><trkpt lat="-23.1871688738" lon="-46.4865907934"><ele>907.14</ele><time>2023-12-17T13:35:29Z</time></trkpt><trkpt lat="-23.1871671136" lon="-46.4865914639"><ele>907.14</ele><time>2023-12-17T13:35:30Z</time></trkpt><trkpt lat="-23.1871730648" lon="-46.4866104908"><ele>907.62</ele><time>2023-12-17T13:35:32Z</time></trkpt><trkpt lat="-23.1872394495" lon="-46.4866807312"><ele>909.54</ele><time>2023-12-17T13:35:48Z</time></trkpt><trkpt lat="-23.1872414611" lon="-46.4866647217"><ele>909.06</ele><time>2023-12-17T13:36:10Z</time></trkpt><trkpt lat="-23.1872401200" lon="-46.4866562560"><ele>909.06</ele><time>2023-12-17T13:36:37Z</time></trkpt><trkpt lat="-23.1872439757" lon="-46.4866353851"><ele>909.06</ele><time>2023-12-17T13:37:03Z</time></trkpt><trkpt lat="-23.1872272119" lon="-46.4866596926"><ele>909.06</ele><time>2023-12-17T13:37:39Z</time></trkpt><trkpt lat="-23.1872422155" lon="-46.4866555855"><ele>908.58</ele><time>2023-12-17T13:38:18Z</time></trkpt><trkpt lat="-23.1872300617" lon="-46.4866696671"><ele>908.10</ele><time>2023-12-17T13:38:53Z</time></trkpt><trkpt lat="-23.1872376055" lon="-46.4866729360"><ele>908.58</ele><time>2023-12-17T13:39:10Z</time></trkpt><trkpt lat="-23.1872200035" lon="-46.4866914600"><ele>907.62</ele><time>2023-12-17T13:39:26Z</time></trkpt><trkpt lat="-23.1872032396" lon="-46.4866824914"><ele>907.14</ele><time>2023-12-17T13:39:29Z</time></trkpt><trkpt lat="-23.1871314067" lon="-46.4865828305"><ele>904.74</ele><time>2023-12-17T13:39:45Z</time></trkpt><trkpt lat="-23.1871301495" lon="-46.4865158591"><ele>903.78</ele><time>2023-12-17T13:39:53Z</time></trkpt><trkpt lat="-23.1872154772" lon="-46.4863833413"><ele>904.26</ele><time>2023-12-17T13:40:09Z</time></trkpt><trkpt lat="-23.1873065047" lon="-46.4863225725"><ele>906.18</ele><time>2023-12-17T13:40:21Z</time></trkpt><trkpt lat="-23.1873738952" lon="-46.4862872846"><ele>907.14</ele><time>2023-12-17T13:40:37Z</time></trkpt><trkpt lat="-23.1874208339" lon="-46.4863454551"><ele>906.66</ele><time>2023-12-17T13:40:58Z</time></trkpt><trkpt lat="-23.1874006335" lon="-46.4863110054"><ele>906.18</ele><time>2023-12-17T13:41:14Z</time></trkpt><trkpt lat="-23.1873518508" lon="-46.4863135200"><ele>905.70</ele><time>2023-12-17T13:41:28Z</time></trkpt><trkpt lat="-23.1873736437" lon="-46.4862929843"><ele>905.22</ele><time>2023-12-17T13:42:08Z</time></trkpt><trkpt lat="-23.1873897370" lon="-46.4863577764"><ele>904.74</ele><time>2023-12-17T13:42:54Z</time></trkpt><trkpt lat="-23.1873541139" lon="-46.4864043798"><ele>904.74</ele><time>2023-12-17T13:43:33Z</time></trkpt><trkpt lat="-23.1873280462" lon="-46.4863933157"><ele>905.22</ele><time>2023-12-17T13:44:08Z</time></trkpt><trkpt lat="-23.1873254478" lon="-46.4863464609"><ele>904.74</ele><time>2023-12-17T13:44:45Z</time></trkpt><trkpt lat="-23.1873432174" lon="-46.4863188844"><ele>904.74</ele><time>2023-12-17T13:45:18Z</time></trkpt><trkpt lat="-23.1873785052" lon="-46.4863571059"><ele>904.26</ele><time>2023-12-17T13:46:04Z</time></trkpt><trkpt lat="-23.1873728056" lon="-46.4863175433"><ele>904.74</ele><time>2023-12-17T13:46:38Z</time></trkpt><trkpt lat="-23.1873878092" lon="-46.4863030426"><ele>904.26</ele><time>2023-12-17T13:47:15Z</time></trkpt><trkpt lat="-23.1873819418" lon="-46.4863132685"><ele>904.74</ele><time>2023-12-17T13:47:51Z</time></trkpt><trkpt lat="-23.1873962749" lon="-46.4863369055"><ele>904.26</ele><time>2023-12-17T13:48:28Z</time></trkpt><trkpt lat="-23.1873720512" lon="-46.4862958342"><ele>904.26</ele><time>2023-12-17T13:48:58Z</time></trkpt><trkpt lat="-23.1873800140" lon="-46.4863015339"><ele>904.74</ele><time>2023-12-17T13:49:29Z</time></trkpt><trkpt lat="-23.1873820256" lon="-46.4863410126"><ele>904.26</ele><time>2023-12-17T13:50:07Z</time></trkpt><trkpt lat="-23.1873697881" lon="-46.4862933196"><ele>904.26</ele><time>2023-12-17T13:50:50Z</time></trkpt><trkpt lat="-23.1873693690" lon="-46.4862552658"><ele>903.78</ele><time>2023-12-17T13:51:35Z</time></trkpt><trkpt lat="-23.1873593945" lon="-46.4862430282"><ele>904.26</ele><time>2023-12-17T13:52:07Z</time></trkpt><trkpt lat="-23.1873998791" lon="-46.4862834290"><ele>904.26</ele><time>2023-12-17T13:52:34Z</time></trkpt><trkpt lat="-23.1874039862" lon="-46.4862776455"><ele>903.78</ele><time>2023-12-17T13:53:01Z</time></trkpt><trkpt lat="-23.1874105241" lon="-46.4863133524"><ele>904.26</ele><time>2023-12-17T13:53:36Z</time></trkpt><trkpt lat="-23.1873531081" lon="-46.4862547629"><ele>903.78</ele><time>2023-12-17T13:54:08Z</time></trkpt><trkpt lat="-23.1873865519" lon="-46.4862920623"><ele>903.78</ele><time>2023-12-17T13:54:38Z</time></trkpt><trkpt lat="-23.1873806007" lon="-46.4862861112"><ele>903.78</ele><time>2023-12-17T13:55:07Z</time></trkpt><trkpt lat="-23.1873801816" lon="-46.4862652402"><ele>903.78</ele><time>2023-12-17T13:55:46Z</time></trkpt><trkpt lat="-23.1874137092" lon="-46.4862695150"><ele>904.74</ele><time>2023-12-17T13:56:12Z</time></trkpt><trkpt lat="-23.1873982865" lon="-46.4862385858"><ele>905.22</ele><time>2023-12-17T13:56:15Z</time></trkpt><trkpt lat="-23.1873500906" lon="-46.4862189721"><ele>904.26</ele><time>2023-12-17T13:56:28Z</time></trkpt><trkpt lat="-23.1873593945" lon="-46.4862726163"><ele>904.26</ele><time>2023-12-17T13:56:52Z</time></trkpt><trkpt lat="-23.1873571314" lon="-46.4863222372"><ele>903.78</ele><time>2023-12-17T13:57:24Z</time></trkpt><trkpt lat="-23.1873415411" lon="-46.4862832613"><ele>903.78</ele><time>2023-12-17T13:57:53Z</time></trkpt><trkpt lat="-23.1873196643" lon="-46.4862483088"><ele>903.78</ele><time>2023-12-17T13:58:06Z</time></trkpt><trkpt lat="-23.1872662716" lon="-46.4861807507"><ele>904.26</ele><time>2023-12-17T13:58:21Z</time></trkpt><trkpt lat="-23.1872649305" lon="-46.4860894717"><ele>904.26</ele><time>2023-12-17T13:58:35Z</time></trkpt><trkpt lat="-23.1872520223" lon="-46.4860655833"><ele>904.26</ele><time>2023-12-17T13:58:41Z</time></trkpt><trkpt lat="-23.1872137170" lon="-46.4860133640"><ele>905.70</ele><time>2023-12-17T13:58:53Z</time></trkpt><trkpt lat="-23.1871439796" lon="-46.4860274456"><ele>906.18</ele><time>2023-12-17T13:59:06Z</time></trkpt><trkpt lat="-23.1870290637" lon="-46.4860560279"><ele>905.70</ele><time>2023-12-17T13:59:22Z</time></trkpt><trkpt lat="-23.1869527884" lon="-46.4860712830"><ele>904.74</ele><time>2023-12-17T13:59:37Z</time></trkpt><trkpt lat="-23.1869459152" lon="-46.4860753901"><ele>904.74</ele><time>2023-12-17T13:59:38Z</time></trkpt><trkpt lat="-23.1869233679" lon="-46.4860815927"><ele>905.22</ele><time>2023-12-17T13:59:40Z</time></trkpt><trkpt lat="-23.1868064404" lon="-46.4861057326"><ele>904.26</ele><time>2023-12-17T13:59:53Z</time></trkpt><trkpt lat="-23.1866629422" lon="-46.4861136116"><ele>903.78</ele><time>2023-12-17T14:00:08Z</time></trkpt><trkpt lat="-23.1865535583" lon="-46.4860908967"><ele>902.33</ele><time>2023-12-17T14:00:21Z</time></trkpt><trkpt lat="-23.1864484493" lon="-46.4860531781"><ele>902.33</ele><time>2023-12-17T14:00:33Z</time></trkpt><trkpt lat="-23.1862842478" lon="-46.4859973546"><ele>901.37</ele><time>2023-12-17T14:00:51Z</time></trkpt><trkpt lat="-23.1861294340" lon="-46.4859375078"><ele>899.93</ele><time>2023-12-17T14:01:08Z</time></trkpt><trkpt lat="-23.1861207169" lon="-46.4859329816"><ele>900.41</ele><time>2023-12-17T14:01:09Z</time></trkpt><trkpt lat="-23.1860489678" lon="-46.4859039802"><ele>900.41</ele><time>2023-12-17T14:01:21Z</time></trkpt><trkpt lat="-23.1858841795" lon="-46.4858976938"><ele>898.97</ele><time>2023-12-17T14:01:37Z</time></trkpt><trkpt lat="-23.1857370771" lon="-46.4858915750"><ele>898.01</ele><time>2023-12-17T14:01:53Z</time></trkpt><trkpt lat="-23.1856824271" lon="-46.4858888928"><ele>897.53</ele><time>2023-12-17T14:01:59Z</time></trkpt><trkpt lat="-23.1855214108" lon="-46.4859143738"><ele>896.09</ele><time>2023-12-17T14:02:16Z</time></trkpt><trkpt lat="-23.1853619032" lon="-46.4859742206"><ele>894.64</ele><time>2023-12-17T14:02:32Z</time></trkpt><trkpt lat="-23.1851950195" lon="-46.4861072414"><ele>893.20</ele><time>2023-12-17T14:02:50Z</time></trkpt><trkpt lat="-23.1851315685" lon="-46.4861923177"><ele>892.24</ele><time>2023-12-17T14:03:00Z</time></trkpt><trkpt lat="-23.1850293092" lon="-46.4863531664"><ele>890.32</ele><time>2023-12-17T14:03:19Z</time></trkpt><trkpt lat="-23.1849221047" lon="-46.4864669088"><ele>887.91</ele><time>2023-12-17T14:03:35Z</time></trkpt><trkpt lat="-23.1848133076" lon="-46.4865857642"><ele>885.51</ele><time>2023-12-17T14:03:52Z</time></trkpt><trkpt lat="-23.1847281475" lon="-46.4866818208"><ele>883.59</ele><time>2023-12-17T14:04:03Z</time></trkpt><trkpt lat="-23.1846062746" lon="-46.4868287556"><ele>881.67</ele><time>2023-12-17T14:04:19Z</time></trkpt><trkpt lat="-23.1845006626" lon="-46.4869577531"><ele>879.26</ele><time>2023-12-17T14:04:35Z</time></trkpt><trkpt lat="-23.1843671389" lon="-46.4871108066"><ele>876.86</ele><time>2023-12-17T14:04:53Z</time></trkpt><trkpt lat="-23.1842587609" lon="-46.4872630220"><ele>873.98</ele><time>2023-12-17T14:05:08Z</time></trkpt><trkpt lat="-23.1841301825" lon="-46.4874047600"><ele>871.09</ele><time>2023-12-17T14:05:24Z</time></trkpt><trkpt lat="-23.1839947309" lon="-46.4875455759"><ele>868.21</ele><time>2023-12-17T14:05:42Z</time></trkpt><trkpt lat="-23.1838771328" lon="-46.4876617491"><ele>865.32</ele><time>2023-12-17T14:05:58Z</time></trkpt><trkpt lat="-23.1837530807" lon="-46.4877557941"><ele>862.44</ele><time>2023-12-17T14:06:14Z</time></trkpt><trkpt lat="-23.1836038828" lon="-46.4878576342"><ele>858.59</ele><time>2023-12-17T14:06:30Z</time></trkpt><trkpt lat="-23.1834690180" lon="-46.4879392739"><ele>856.19</ele><time>2023-12-17T14:06:47Z</time></trkpt><trkpt lat="-23.1833478156" lon="-46.4880201593"><ele>852.83</ele><time>2023-12-17T14:07:03Z</time></trkpt><trkpt lat="-23.1832160521" lon="-46.4880518429"><ele>849.46</ele><time>2023-12-17T14:07:16Z</time></trkpt><trkpt lat="-23.1829946861" lon="-46.4880660921"><ele>846.58</ele><time>2023-12-17T14:07:36Z</time></trkpt><trkpt lat="-23.1828552112" lon="-46.4880480710"><ele>843.69</ele><time>2023-12-17T14:07:51Z</time></trkpt><trkpt lat="-23.1826990563" lon="-46.4880466461"><ele>840.81</ele><time>2023-12-17T14:08:09Z</time></trkpt><trkpt lat="-23.1826586556" lon="-46.4880374260"><ele>840.33</ele><time>2023-12-17T14:08:27Z</time></trkpt><trkpt lat="-23.1825394649" lon="-46.4880420361"><ele>839.85</ele><time>2023-12-17T14:08:42Z</time></trkpt><trkpt lat="-23.1823048554" lon="-46.4880654216"><ele>840.33</ele><time>2023-12-17T14:09:00Z</time></trkpt><trkpt lat="-23.1821648777" lon="-46.4880446345"><ele>840.33</ele><time>2023-12-17T14:09:11Z</time></trkpt><trkpt lat="-23.1820817292" lon="-46.4880484901"><ele>839.85</ele><time>2023-12-17T14:09:23Z</time></trkpt><trkpt lat="-23.1820250675" lon="-46.4880249370"><ele>839.37</ele><time>2023-12-17T14:09:28Z</time></trkpt><trkpt lat="-23.1818137597" lon="-46.4879839495"><ele>838.41</ele><time>2023-12-17T14:09:46Z</time></trkpt><trkpt lat="-23.1816344708" lon="-46.4879309759"><ele>837.93</ele><time>2023-12-17T14:10:01Z</time></trkpt><trkpt lat="-23.1815254223" lon="-46.4878477436"><ele>837.45</ele><time>2023-12-17T14:10:15Z</time></trkpt><trkpt lat="-23.1815172080" lon="-46.4878458995"><ele>836.96</ele><time>2023-12-17T14:10:16Z</time></trkpt><trkpt lat="-23.1814678386" lon="-46.4878501743"><ele>836.96</ele><time>2023-12-17T14:10:22Z</time></trkpt><trkpt lat="-23.1813746318" lon="-46.4878088515"><ele>835.52</ele><time>2023-12-17T14:10:38Z</time></trkpt><trkpt lat="-23.1813094206" lon="-46.4877266251"><ele>835.04</ele><time>2023-12-17T14:10:50Z</time></trkpt><trkpt lat="-23.1811693590" lon="-46.4876479190"><ele>832.16</ele><time>2023-12-17T14:11:04Z</time></trkpt><trkpt lat="-23.1809919141" lon="-46.4875343442"><ele>829.27</ele><time>2023-12-17T14:11:23Z</time></trkpt><trkpt lat="-23.1808650959" lon="-46.4874423109"><ele>826.39</ele><time>2023-12-17T14:11:37Z</time></trkpt><trkpt lat="-23.1807464920" lon="-46.4873661194"><ele>823.99</ele><time>2023-12-17T14:11:50Z</time></trkpt><trkpt lat="-23.1805969588" lon="-46.4872379601"><ele>821.10</ele><time>2023-12-17T14:12:07Z</time></trkpt><trkpt lat="-23.1805553846" lon="-46.4871884231"><ele>820.14</ele><time>2023-12-17T14:12:12Z</time></trkpt><trkpt lat="-23.1804518681" lon="-46.4870061167"><ele>816.78</ele><time>2023-12-17T14:12:28Z</time></trkpt><trkpt lat="-23.1803606730" lon="-46.4868062921"><ele>813.41</ele><time>2023-12-17T14:12:45Z</time></trkpt><trkpt lat="-23.1803383771" lon="-46.4867836609"><ele>813.41</ele><time>2023-12-17T14:12:48Z</time></trkpt><trkpt lat="-23.1801471021" lon="-46.4866419230"><ele>811.01</ele><time>2023-12-17T14:13:08Z</time></trkpt><trkpt lat="-23.1799452659" lon="-46.4864934795"><ele>808.61</ele><time>2023-12-17T14:13:29Z</time></trkpt><trkpt lat="-23.1797963195" lon="-46.4864105824"><ele>806.20</ele><time>2023-12-17T14:13:44Z</time></trkpt><trkpt lat="-23.1795964949" lon="-46.4862747956"><ele>803.32</ele><time>2023-12-17T14:14:04Z</time></trkpt><trkpt lat="-23.1794664077" lon="-46.4861442056"><ele>802.36</ele><time>2023-12-17T14:14:20Z</time></trkpt><trkpt lat="-23.1793721952" lon="-46.4860804193"><ele>801.40</ele><time>2023-12-17T14:14:29Z</time></trkpt><trkpt lat="-23.1791249290" lon="-46.4859301317"><ele>801.40</ele><time>2023-12-17T14:14:52Z</time></trkpt><trkpt lat="-23.1789146271" lon="-46.4857793413"><ele>800.44</ele><time>2023-12-17T14:15:12Z</time></trkpt><trkpt lat="-23.1787145510" lon="-46.4856344182"><ele>799.47</ele><time>2023-12-17T14:15:31Z</time></trkpt><trkpt lat="-23.1785199232" lon="-46.4855060074"><ele>799.47</ele><time>2023-12-17T14:15:50Z</time></trkpt><trkpt lat="-23.1785102002" lon="-46.4854982123"><ele>799.47</ele><time>2023-12-17T14:15:51Z</time></trkpt><trkpt lat="-23.1783172488" lon="-46.4853838831"><ele>798.99</ele><time>2023-12-17T14:16:09Z</time></trkpt><trkpt lat="-23.1782330945" lon="-46.4853215218"><ele>798.99</ele><time>2023-12-17T14:16:17Z</time></trkpt><trkpt lat="-23.1780533865" lon="-46.4851452503"><ele>798.51</ele><time>2023-12-17T14:16:37Z</time></trkpt><trkpt lat="-23.1778264046" lon="-46.4849311765"><ele>796.59</ele><time>2023-12-17T14:17:02Z</time></trkpt><trkpt lat="-23.1776555814" lon="-46.4847512171"><ele>797.07</ele><time>2023-12-17T14:17:21Z</time></trkpt><trkpt lat="-23.1774949841" lon="-46.4845666476"><ele>796.11</ele><time>2023-12-17T14:17:40Z</time></trkpt><trkpt lat="-23.1772811618" lon="-46.4843597822"><ele>795.63</ele><time>2023-12-17T14:18:03Z</time></trkpt><trkpt lat="-23.1771048903" lon="-46.4841952454"><ele>795.63</ele><time>2023-12-17T14:18:22Z</time></trkpt><trkpt lat="-23.1770311296" lon="-46.4841293637"><ele>795.63</ele><time>2023-12-17T14:18:30Z</time></trkpt><trkpt lat="-23.1768695265" lon="-46.4839629829"><ele>796.11</ele><time>2023-12-17T14:18:48Z</time></trkpt><trkpt lat="-23.1766925845" lon="-46.4837958477"><ele>796.11</ele><time>2023-12-17T14:19:07Z</time></trkpt><trkpt lat="-23.1764492579" lon="-46.4836809319"><ele>796.59</ele><time>2023-12-17T14:19:29Z</time></trkpt><trkpt lat="-23.1762365252" lon="-46.4836361725"><ele>796.11</ele><time>2023-12-17T14:19:46Z</time></trkpt><trkpt lat="-23.1759833079" lon="-46.4835930057"><ele>797.55</ele><time>2023-12-17T14:20:05Z</time></trkpt><trkpt lat="-23.1757255644" lon="-46.4834823646"><ele>798.99</ele><time>2023-12-17T14:20:27Z</time></trkpt><trkpt lat="-23.1755068805" lon="-46.4833097812"><ele>798.51</ele><time>2023-12-17T14:20:48Z</time></trkpt><trkpt lat="-23.1752660684" lon="-46.4831302408"><ele>798.03</ele><time>2023-12-17T14:21:11Z</time></trkpt><trkpt lat="-23.1750513241" lon="-46.4829297457"><ele>797.55</ele><time>2023-12-17T14:21:33Z</time></trkpt><trkpt lat="-23.1749345642" lon="-46.4828013349"><ele>797.07</ele><time>2023-12-17T14:21:47Z</time></trkpt><trkpt lat="-23.1748439558" lon="-46.4827427454"><ele>797.07</ele><time>2023-12-17T14:21:57Z</time></trkpt><trkpt lat="-23.1748050638" lon="-46.4826982375"><ele>797.07</ele><time>2023-12-17T14:22:02Z</time></trkpt><trkpt lat="-23.1746704504" lon="-46.4826092217"><ele>796.11</ele><time>2023-12-17T14:22:16Z</time></trkpt><trkpt lat="-23.1745418720" lon="-46.4825392328"><ele>795.63</ele><time>2023-12-17T14:22:30Z</time></trkpt><trkpt lat="-23.1744548678" lon="-46.4824793860"><ele>795.15</ele><time>2023-12-17T14:22:39Z</time></trkpt><trkpt lat="-23.1743889023" lon="-46.4824269153"><ele>794.19</ele><time>2023-12-17T14:22:46Z</time></trkpt><trkpt lat="-23.1741743255" lon="-46.4822879434"><ele>793.71</ele><time>2023-12-17T14:23:06Z</time></trkpt><trkpt lat="-23.1740553863" lon="-46.4821881987"><ele>794.19</ele><time>2023-12-17T14:23:18Z</time></trkpt><trkpt lat="-23.1738696434" lon="-46.4819923975"><ele>794.67</ele><time>2023-12-17T14:23:37Z</time></trkpt><trkpt lat="-23.1737348624" lon="-46.4817605540"><ele>795.63</ele><time>2023-12-17T14:23:57Z</time></trkpt><trkpt lat="-23.1736380514" lon="-46.4815612324"><ele>795.63</ele><time>2023-12-17T14:24:15Z</time></trkpt><trkpt lat="-23.1735678110" lon="-46.4813354239"><ele>793.71</ele><time>2023-12-17T14:24:33Z</time></trkpt><trkpt lat="-23.1734499615" lon="-46.4811004791"><ele>792.26</ele><time>2023-12-17T14:24:53Z</time></trkpt><trkpt lat="-23.1733194552" lon="-46.4809050970"><ele>792.74</ele><time>2023-12-17T14:25:12Z</time></trkpt><trkpt lat="-23.1731518172" lon="-46.4807158336"><ele>792.26</ele><time>2023-12-17T14:25:32Z</time></trkpt><trkpt lat="-23.1730607897" lon="-46.4806251414"><ele>792.26</ele><time>2023-12-17T14:25:43Z</time></trkpt><trkpt lat="-23.1729387492" lon="-46.4804987423"><ele>792.26</ele><time>2023-12-17T14:25:57Z</time></trkpt><trkpt lat="-23.1727689318" lon="-46.4803129993"><ele>792.74</ele><time>2023-12-17T14:26:15Z</time></trkpt><trkpt lat="-23.1726302952" lon="-46.4801455289"><ele>792.74</ele><time>2023-12-17T14:26:31Z</time></trkpt><trkpt lat="-23.1724926643" lon="-46.4800155256"><ele>793.22</ele><time>2023-12-17T14:26:45Z</time></trkpt><trkpt lat="-23.1724451389" lon="-46.4800006896"><ele>793.71</ele><time>2023-12-17T14:26:49Z</time></trkpt><trkpt lat="-23.1723954342" lon="-46.4799866080"><ele>793.71</ele><time>2023-12-17T14:26:54Z</time></trkpt><trkpt lat="-23.1722324900" lon="-46.4800320379"><ele>793.22</ele><time>2023-12-17T14:27:07Z</time></trkpt><trkpt lat="-23.1720848009" lon="-46.4800374862"><ele>793.71</ele><time>2023-12-17T14:27:20Z</time></trkpt><trkpt lat="-23.1718760077" lon="-46.4800429344"><ele>793.71</ele><time>2023-12-17T14:27:37Z</time></trkpt><trkpt lat="-23.1718337629" lon="-46.4800413419"><ele>793.71</ele><time>2023-12-17T14:27:40Z</time></trkpt><trkpt lat="-23.1717310846" lon="-46.4800081495"><ele>793.71</ele><time>2023-12-17T14:27:48Z</time></trkpt><trkpt lat="-23.1714907754" lon="-46.4798969217"><ele>792.74</ele><time>2023-12-17T14:28:10Z</time></trkpt><trkpt lat="-23.1713311002" lon="-46.4798426908"><ele>792.74</ele><time>2023-12-17T14:28:26Z</time></trkpt><trkpt lat="-23.1712451018" lon="-46.4798262622"><ele>791.78</ele><time>2023-12-17T14:28:34Z</time></trkpt><trkpt lat="-23.1710670702" lon="-46.4797917288"><ele>790.82</ele><time>2023-12-17T14:28:50Z</time></trkpt><trkpt lat="-23.1709426828" lon="-46.4797669183"><ele>789.86</ele><time>2023-12-17T14:29:03Z</time></trkpt><trkpt lat="-23.1708768848" lon="-46.4797412697"><ele>789.38</ele><time>2023-12-17T14:29:10Z</time></trkpt><trkpt lat="-23.1707451213" lon="-46.4796961751"><ele>789.38</ele><time>2023-12-17T14:29:25Z</time></trkpt><trkpt lat="-23.1705626473" lon="-46.4796612225"><ele>789.86</ele><time>2023-12-17T14:29:41Z</time></trkpt><trkpt lat="-23.1703608949" lon="-46.4796100091"><ele>788.90</ele><time>2023-12-17T14:29:58Z</time></trkpt><trkpt lat="-23.1701524369" lon="-46.4795535151"><ele>788.90</ele><time>2023-12-17T14:30:17Z</time></trkpt><trkpt lat="-23.1700506806" lon="-46.4795556106"><ele>788.42</ele><time>2023-12-17T14:30:32Z</time></trkpt><trkpt lat="-23.1700205896" lon="-46.4795677643"><ele>788.42</ele><time>2023-12-17T14:30:56Z</time></trkpt><trkpt lat="-23.1700402033" lon="-46.4795277826"><ele>787.94</ele><time>2023-12-17T14:31:10Z</time></trkpt><trkpt lat="-23.1700376887" lon="-46.4795260224"><ele>787.94</ele><time>2023-12-17T14:31:38Z</time></trkpt><trkpt lat="-23.1700273789" lon="-46.4795558620"><ele>787.94</ele><time>2023-12-17T14:32:11Z</time></trkpt><trkpt lat="-23.1700275466" lon="-46.4795520063"><ele>787.46</ele><time>2023-12-17T14:32:46Z</time></trkpt><trkpt lat="-23.1700157281" lon="-46.4795341529"><ele>787.94</ele><time>2023-12-17T14:33:14Z</time></trkpt></trkseg></trk></gpx>